{
    "SubTexture": [
        {
            "frameX": -696,
            "frameHeight": 400,
            "y": 703,
            "frameY": -107,
            "frameWidth": 1300,
            "width": 432,
            "height": 270,
            "name": "兔子萝卜0023",
            "x": 435
        },
        {
            "frameX": -703,
            "frameHeight": 400,
            "y": 975,
            "frameY": -83,
            "frameWidth": 1300,
            "width": 356,
            "height": 294,
            "name": "兔子萝卜0055",
            "x": 359
        },
        {
            "frameX": -137,
            "frameHeight": 400,
            "y": 1014,
            "frameY": -78,
            "frameWidth": 1300,
            "width": 206,
            "height": 301,
            "name": "兔子萝卜0005",
            "x": 1771
        },
        {
            "frameX": -696,
            "frameHeight": 400,
            "y": 703,
            "frameY": -107,
            "frameWidth": 1300,
            "width": 432,
            "height": 270,
            "name": "兔子萝卜0024",
            "x": 1
        },
        {
            "frameX": -890,
            "frameHeight": 400,
            "y": 1987,
            "frameY": -172,
            "frameWidth": 1300,
            "width": 263,
            "height": 205,
            "name": "兔子萝卜0049",
            "x": 1761
        },
        {
            "frameX": -90,
            "frameHeight": 400,
            "y": 1271,
            "frameY": -130,
            "frameWidth": 1300,
            "width": 335,
            "height": 247,
            "name": "兔子萝卜0062",
            "x": 338
        },
        {
            "frameX": -970,
            "frameHeight": 400,
            "y": 1981,
            "frameY": -80,
            "frameWidth": 1300,
            "width": 200,
            "height": 297,
            "name": "兔子萝卜0046",
            "x": 617
        },
        {
            "frameX": -207,
            "frameHeight": 400,
            "y": 1473,
            "frameY": -158,
            "frameWidth": 1300,
            "width": 319,
            "height": 219,
            "name": "兔子萝卜0016",
            "x": 1640
        },
        {
            "frameX": -979,
            "frameHeight": 400,
            "y": 2101,
            "frameY": -84,
            "frameWidth": 1300,
            "width": 200,
            "height": 297,
            "name": "兔子萝卜0042",
            "x": 951
        },
        {
            "frameX": -137,
            "frameHeight": 400,
            "y": 1686,
            "frameY": -86,
            "frameWidth": 1300,
            "width": 209,
            "height": 293,
            "name": "兔子萝卜0003",
            "x": 529
        },
        {
            "frameX": -135,
            "frameHeight": 400,
            "y": 2280,
            "frameY": -80,
            "frameWidth": 1300,
            "width": 200,
            "height": 297,
            "name": "兔子萝卜0009",
            "x": 409
        },
        {
            "frameX": -978,
            "frameHeight": 400,
            "y": 1694,
            "frameY": -87,
            "frameWidth": 1300,
            "width": 206,
            "height": 294,
            "name": "兔子萝卜0033",
            "x": 1203
        },
        {
            "frameX": -880,
            "frameHeight": 400,
            "y": 975,
            "frameY": -130,
            "frameWidth": 1300,
            "width": 336,
            "height": 247,
            "name": "兔子萝卜0025",
            "x": 1433
        },
        {
            "frameX": -979,
            "frameHeight": 400,
            "y": 1802,
            "frameY": -84,
            "frameWidth": 1300,
            "width": 200,
            "height": 297,
            "name": "兔子萝卜0043",
            "x": 951
        },
        {
            "frameX": -880,
            "frameHeight": 400,
            "y": 1224,
            "frameY": -130,
            "frameWidth": 1300,
            "width": 336,
            "height": 247,
            "name": "兔子萝卜0026",
            "x": 1433
        },
        {
            "frameX": -47,
            "frameHeight": 400,
            "y": 2584,
            "frameY": -217,
            "frameWidth": 1300,
            "width": 314,
            "height": 174,
            "name": "兔子萝卜0064",
            "x": 1115
        },
        {
            "frameX": -779,
            "frameHeight": 400,
            "y": 1271,
            "frameY": -158,
            "frameWidth": 1300,
            "width": 320,
            "height": 219,
            "name": "兔子萝卜0052",
            "x": 997
        },
        {
            "frameX": -979,
            "frameHeight": 400,
            "y": 2280,
            "frameY": -84,
            "frameWidth": 1300,
            "width": 200,
            "height": 297,
            "name": "兔子萝卜0040",
            "x": 611
        },
        {
            "frameX": -137,
            "frameHeight": 400,
            "y": 703,
            "frameY": -70,
            "frameWidth": 1300,
            "width": 201,
            "height": 309,
            "name": "兔子萝卜0007",
            "x": 1771
        },
        {
            "frameX": -978,
            "frameHeight": 400,
            "y": 1520,
            "frameY": -73,
            "frameWidth": 1300,
            "width": 201,
            "height": 308,
            "name": "兔子萝卜0035",
            "x": 326
        },
        {
            "frameX": -944,
            "frameHeight": 400,
            "y": 2286,
            "frameY": -217,
            "frameWidth": 1300,
            "width": 314,
            "height": 174,
            "name": "兔子萝卜0028",
            "x": 1558
        },
        {
            "frameX": -167,
            "frameHeight": 400,
            "y": 2400,
            "frameY": -181,
            "frameWidth": 1300,
            "width": 300,
            "height": 196,
            "name": "兔子萝卜0013",
            "x": 813
        },
        {
            "frameX": -838,
            "frameHeight": 400,
            "y": 2579,
            "frameY": -181,
            "frameWidth": 1300,
            "width": 300,
            "height": 196,
            "name": "兔子萝卜0051",
            "x": 405
        },
        {
            "frameX": -703,
            "frameHeight": 400,
            "y": 975,
            "frameY": -83,
            "frameWidth": 1300,
            "width": 356,
            "height": 294,
            "name": "兔子萝卜0054",
            "x": 1
        },
        {
            "frameX": -970,
            "frameHeight": 400,
            "y": 1492,
            "frameY": -192,
            "frameWidth": 1300,
            "width": 323,
            "height": 192,
            "name": "兔子萝卜0029",
            "x": 675
        },
        {
            "frameX": -246,
            "frameHeight": 400,
            "y": 975,
            "frameY": -83,
            "frameWidth": 1300,
            "width": 356,
            "height": 294,
            "name": "兔子萝卜0018",
            "x": 1075
        },
        {
            "frameX": -178,
            "frameHeight": 400,
            "y": 703,
            "frameY": -107,
            "frameWidth": 1300,
            "width": 431,
            "height": 270,
            "name": "兔子萝卜0061",
            "x": 1302
        },
        {
            "frameX": -838,
            "frameHeight": 400,
            "y": 2913,
            "frameY": -181,
            "frameWidth": 1300,
            "width": 300,
            "height": 196,
            "name": "兔子萝卜0050",
            "x": 1
        },
        {
            "frameX": -90,
            "frameHeight": 400,
            "y": 1271,
            "frameY": -130,
            "frameWidth": 1300,
            "width": 335,
            "height": 247,
            "name": "兔子萝卜0063",
            "x": 1
        },
        {
            "frameX": -137,
            "frameHeight": 400,
            "y": 1993,
            "frameY": -88,
            "frameWidth": 1300,
            "width": 201,
            "height": 291,
            "name": "兔子萝卜0001",
            "x": 1558
        },
        {
            "frameX": -890,
            "frameHeight": 400,
            "y": 2638,
            "frameY": -172,
            "frameWidth": 1300,
            "width": 263,
            "height": 205,
            "name": "兔子萝卜0047",
            "x": 1431
        },
        {
            "frameX": -412,
            "frameHeight": 400,
            "y": 1,
            "frameY": -29,
            "frameWidth": 1300,
            "width": 475,
            "height": 348,
            "name": "兔子萝卜0059",
            "x": 957
        },
        {
            "frameX": -412,
            "frameHeight": 400,
            "y": 1,
            "frameY": -29,
            "frameWidth": 1300,
            "width": 475,
            "height": 348,
            "name": "兔子萝卜0058",
            "x": 1434
        },
        {
            "frameX": -135,
            "frameHeight": 400,
            "y": 1990,
            "frameY": -80,
            "frameWidth": 1300,
            "width": 200,
            "height": 297,
            "name": "兔子萝卜0008",
            "x": 1153
        },
        {
            "frameX": -978,
            "frameHeight": 400,
            "y": 2289,
            "frameY": -88,
            "frameWidth": 1300,
            "width": 201,
            "height": 293,
            "name": "兔子萝卜0031",
            "x": 1153
        },
        {
            "frameX": -979,
            "frameHeight": 400,
            "y": 2614,
            "frameY": -84,
            "frameWidth": 1300,
            "width": 200,
            "height": 297,
            "name": "兔子萝卜0038",
            "x": 1
        },
        {
            "frameX": -978,
            "frameHeight": 400,
            "y": 1993,
            "frameY": -88,
            "frameWidth": 1300,
            "width": 201,
            "height": 293,
            "name": "兔子萝卜0030",
            "x": 1355
        },
        {
            "frameX": -890,
            "frameHeight": 400,
            "y": 2638,
            "frameY": -172,
            "frameWidth": 1300,
            "width": 263,
            "height": 205,
            "name": "兔子萝卜0048",
            "x": 1696
        },
        {
            "frameX": -207,
            "frameHeight": 400,
            "y": 1473,
            "frameY": -158,
            "frameWidth": 1300,
            "width": 319,
            "height": 219,
            "name": "兔子萝卜0015",
            "x": 1319
        },
        {
            "frameX": -418,
            "frameHeight": 400,
            "y": 1,
            "frameY": -29,
            "frameWidth": 1300,
            "width": 476,
            "height": 348,
            "name": "兔子萝卜0021",
            "x": 479
        },
        {
            "frameX": -167,
            "frameHeight": 400,
            "y": 2777,
            "frameY": -181,
            "frameWidth": 1300,
            "width": 300,
            "height": 196,
            "name": "兔子萝卜0014",
            "x": 405
        },
        {
            "frameX": -246,
            "frameHeight": 400,
            "y": 975,
            "frameY": -83,
            "frameWidth": 1300,
            "width": 356,
            "height": 294,
            "name": "兔子萝卜0017",
            "x": 717
        },
        {
            "frameX": -178,
            "frameHeight": 400,
            "y": 703,
            "frameY": -107,
            "frameWidth": 1300,
            "width": 431,
            "height": 270,
            "name": "兔子萝卜0060",
            "x": 869
        },
        {
            "frameX": -153,
            "frameHeight": 400,
            "y": 2760,
            "frameY": -172,
            "frameWidth": 1300,
            "width": 262,
            "height": 205,
            "name": "兔子萝卜0010",
            "x": 1023
        },
        {
            "frameX": -153,
            "frameHeight": 400,
            "y": 2774,
            "frameY": -172,
            "frameWidth": 1300,
            "width": 262,
            "height": 205,
            "name": "兔子萝卜0011",
            "x": 707
        },
        {
            "frameX": -944,
            "frameHeight": 400,
            "y": 2462,
            "frameY": -217,
            "frameWidth": 1300,
            "width": 314,
            "height": 174,
            "name": "兔子萝卜0027",
            "x": 1558
        },
        {
            "frameX": -418,
            "frameHeight": 400,
            "y": 1,
            "frameY": -29,
            "frameWidth": 1300,
            "width": 476,
            "height": 348,
            "name": "兔子萝卜0022",
            "x": 1
        },
        {
            "frameX": -286,
            "frameHeight": 400,
            "y": 351,
            "frameY": -27,
            "frameWidth": 1300,
            "width": 459,
            "height": 350,
            "name": "兔子萝卜0019",
            "x": 1
        },
        {
            "frameX": -979,
            "frameHeight": 400,
            "y": 2315,
            "frameY": -84,
            "frameWidth": 1300,
            "width": 200,
            "height": 297,
            "name": "兔子萝卜0037",
            "x": 1
        },
        {
            "frameX": -286,
            "frameHeight": 400,
            "y": 351,
            "frameY": -27,
            "frameWidth": 1300,
            "width": 459,
            "height": 350,
            "name": "兔子萝卜0020",
            "x": 462
        },
        {
            "frameX": -979,
            "frameHeight": 400,
            "y": 1981,
            "frameY": -84,
            "frameWidth": 1300,
            "width": 200,
            "height": 297,
            "name": "兔子萝卜0039",
            "x": 415
        },
        {
            "frameX": -137,
            "frameHeight": 400,
            "y": 1686,
            "frameY": -86,
            "frameWidth": 1300,
            "width": 209,
            "height": 293,
            "name": "兔子萝卜0004",
            "x": 740
        },
        {
            "frameX": -779,
            "frameHeight": 400,
            "y": 1271,
            "frameY": -158,
            "frameWidth": 1300,
            "width": 320,
            "height": 219,
            "name": "兔子萝卜0053",
            "x": 675
        },
        {
            "frameX": -979,
            "frameHeight": 400,
            "y": 2126,
            "frameY": -84,
            "frameWidth": 1300,
            "width": 200,
            "height": 297,
            "name": "兔子萝卜0044",
            "x": 207
        },
        {
            "frameX": -561,
            "frameHeight": 400,
            "y": 351,
            "frameY": -27,
            "frameWidth": 1300,
            "width": 458,
            "height": 350,
            "name": "兔子萝卜0056",
            "x": 1383
        },
        {
            "frameX": -979,
            "frameHeight": 400,
            "y": 2425,
            "frameY": -84,
            "frameWidth": 1300,
            "width": 200,
            "height": 297,
            "name": "兔子萝卜0041",
            "x": 203
        },
        {
            "frameX": -561,
            "frameHeight": 400,
            "y": 351,
            "frameY": -27,
            "frameWidth": 1300,
            "width": 458,
            "height": 350,
            "name": "兔子萝卜0057",
            "x": 923
        },
        {
            "frameX": -137,
            "frameHeight": 400,
            "y": 351,
            "frameY": -70,
            "frameWidth": 1300,
            "width": 201,
            "height": 309,
            "name": "兔子萝卜0006",
            "x": 1843
        },
        {
            "frameX": -47,
            "frameHeight": 400,
            "y": 2598,
            "frameY": -217,
            "frameWidth": 1300,
            "width": 314,
            "height": 174,
            "name": "兔子萝卜0065",
            "x": 707
        },
        {
            "frameX": -978,
            "frameHeight": 400,
            "y": 1830,
            "frameY": -87,
            "frameWidth": 1300,
            "width": 206,
            "height": 294,
            "name": "兔子萝卜0032",
            "x": 207
        },
        {
            "frameX": -153,
            "frameHeight": 400,
            "y": 2845,
            "frameY": -172,
            "frameWidth": 1300,
            "width": 262,
            "height": 205,
            "name": "兔子萝卜0012",
            "x": 1696
        },
        {
            "frameX": -12,
            "frameHeight": 400,
            "y": 1520,
            "frameY": -192,
            "frameWidth": 1300,
            "width": 323,
            "height": 192,
            "name": "兔子萝卜0066",
            "x": 1
        },
        {
            "frameX": -970,
            "frameHeight": 400,
            "y": 1694,
            "frameY": -80,
            "frameWidth": 1300,
            "width": 200,
            "height": 297,
            "name": "兔子萝卜0045",
            "x": 1411
        },
        {
            "frameX": -131,
            "frameHeight": 400,
            "y": 2018,
            "frameY": -85,
            "frameWidth": 1300,
            "width": 204,
            "height": 295,
            "name": "兔子萝卜0067",
            "x": 1
        },
        {
            "frameX": -137,
            "frameHeight": 400,
            "y": 1694,
            "frameY": -88,
            "frameWidth": 1300,
            "width": 201,
            "height": 291,
            "name": "兔子萝卜0002",
            "x": 1613
        },
        {
            "frameX": -978,
            "frameHeight": 400,
            "y": 1492,
            "frameY": -73,
            "frameWidth": 1300,
            "width": 201,
            "height": 308,
            "name": "兔子萝卜0036",
            "x": 1000
        },
        {
            "frameX": -978,
            "frameHeight": 400,
            "y": 1714,
            "frameY": -79,
            "frameWidth": 1300,
            "width": 204,
            "height": 302,
            "name": "兔子萝卜0034",
            "x": 1
        }
    ],
    "width": 2048,
    "height": 4096,
    "name": "tuzi",
    "imagePath": "tuzi_tex.png"
}