{
    "frameRate": 24,
    "name": "tuzi",
    "version": "5.5",
    "compatibleVersion": "5.5",
    "armature": [
        {
            "type": "tuzi",
            "frameRate": 24,
            "name": "tuzi",
            "aabb": {
                "x": -650,
                "y": -200,
                "width": 1300,
                "height": 400
            },
            "bone": [
                {
                    "name": "root"
                }
            ],
            "slot": [
                {
                    "displayIndex": 5,
                    "name": "sheetSlot",
                    "parent": "root"
                }
            ],
            "skin": [
                {
                    "slot": [
                        {
                            "name": "sheetSlot",
                            "display": [
                                {
                                    "name": "兔子萝卜0001"
                                },
                                {
                                    "name": "兔子萝卜0002"
                                },
                                {
                                    "name": "兔子萝卜0003"
                                },
                                {
                                    "name": "兔子萝卜0004"
                                },
                                {
                                    "name": "兔子萝卜0005"
                                },
                                {
                                    "name": "兔子萝卜0006"
                                },
                                {
                                    "name": "兔子萝卜0007"
                                },
                                {
                                    "name": "兔子萝卜0008"
                                },
                                {
                                    "name": "兔子萝卜0009"
                                },
                                {
                                    "name": "兔子萝卜0010"
                                },
                                {
                                    "name": "兔子萝卜0011"
                                },
                                {
                                    "name": "兔子萝卜0012"
                                },
                                {
                                    "name": "兔子萝卜0013"
                                },
                                {
                                    "name": "兔子萝卜0014"
                                },
                                {
                                    "name": "兔子萝卜0015"
                                },
                                {
                                    "name": "兔子萝卜0016"
                                },
                                {
                                    "name": "兔子萝卜0017"
                                },
                                {
                                    "name": "兔子萝卜0018"
                                },
                                {
                                    "name": "兔子萝卜0019"
                                },
                                {
                                    "name": "兔子萝卜0020"
                                },
                                {
                                    "name": "兔子萝卜0021"
                                },
                                {
                                    "name": "兔子萝卜0022"
                                },
                                {
                                    "name": "兔子萝卜0023"
                                },
                                {
                                    "name": "兔子萝卜0024"
                                },
                                {
                                    "name": "兔子萝卜0025"
                                },
                                {
                                    "name": "兔子萝卜0026"
                                },
                                {
                                    "name": "兔子萝卜0027"
                                },
                                {
                                    "name": "兔子萝卜0028"
                                },
                                {
                                    "name": "兔子萝卜0029"
                                },
                                {
                                    "name": "兔子萝卜0030"
                                },
                                {
                                    "name": "兔子萝卜0031"
                                },
                                {
                                    "name": "兔子萝卜0032"
                                },
                                {
                                    "name": "兔子萝卜0033"
                                },
                                {
                                    "name": "兔子萝卜0034"
                                },
                                {
                                    "name": "兔子萝卜0035"
                                },
                                {
                                    "name": "兔子萝卜0036"
                                },
                                {
                                    "name": "兔子萝卜0037"
                                },
                                {
                                    "name": "兔子萝卜0038"
                                },
                                {
                                    "name": "兔子萝卜0039"
                                },
                                {
                                    "name": "兔子萝卜0040"
                                },
                                {
                                    "name": "兔子萝卜0041"
                                },
                                {
                                    "name": "兔子萝卜0042"
                                },
                                {
                                    "name": "兔子萝卜0043"
                                },
                                {
                                    "name": "兔子萝卜0044"
                                },
                                {
                                    "name": "兔子萝卜0045"
                                },
                                {
                                    "name": "兔子萝卜0046"
                                },
                                {
                                    "name": "兔子萝卜0047"
                                },
                                {
                                    "name": "兔子萝卜0048"
                                },
                                {
                                    "name": "兔子萝卜0049"
                                },
                                {
                                    "name": "兔子萝卜0050"
                                },
                                {
                                    "name": "兔子萝卜0051"
                                },
                                {
                                    "name": "兔子萝卜0052"
                                },
                                {
                                    "name": "兔子萝卜0053"
                                },
                                {
                                    "name": "兔子萝卜0054"
                                },
                                {
                                    "name": "兔子萝卜0055"
                                },
                                {
                                    "name": "兔子萝卜0056"
                                },
                                {
                                    "name": "兔子萝卜0057"
                                },
                                {
                                    "name": "兔子萝卜0058"
                                },
                                {
                                    "name": "兔子萝卜0059"
                                },
                                {
                                    "name": "兔子萝卜0060"
                                },
                                {
                                    "name": "兔子萝卜0061"
                                },
                                {
                                    "name": "兔子萝卜0062"
                                },
                                {
                                    "name": "兔子萝卜0063"
                                },
                                {
                                    "name": "兔子萝卜0064"
                                },
                                {
                                    "name": "兔子萝卜0065"
                                },
                                {
                                    "name": "兔子萝卜0066"
                                },
                                {
                                    "name": "兔子萝卜0067"
                                }
                            ]
                        }
                    ]
                }
            ],
            "animation": [
                {
                    "duration": 67,
                    "playTimes": 0,
                    "name": "tuzi",
                    "slot": [
                        {
                            "name": "sheetSlot",
                            "displayFrame": [
                                {},
                                {
                                    "value": 1
                                },
                                {
                                    "value": 2
                                },
                                {
                                    "value": 3
                                },
                                {
                                    "value": 4
                                },
                                {
                                    "value": 5
                                },
                                {
                                    "value": 6
                                },
                                {
                                    "value": 7
                                },
                                {
                                    "value": 8
                                },
                                {
                                    "value": 9
                                },
                                {
                                    "value": 10
                                },
                                {
                                    "value": 11
                                },
                                {
                                    "value": 12
                                },
                                {
                                    "value": 13
                                },
                                {
                                    "value": 14
                                },
                                {
                                    "value": 15
                                },
                                {
                                    "value": 16
                                },
                                {
                                    "value": 17
                                },
                                {
                                    "value": 18
                                },
                                {
                                    "value": 19
                                },
                                {
                                    "value": 20
                                },
                                {
                                    "value": 21
                                },
                                {
                                    "value": 22
                                },
                                {
                                    "value": 23
                                },
                                {
                                    "value": 24
                                },
                                {
                                    "value": 25
                                },
                                {
                                    "value": 26
                                },
                                {
                                    "value": 27
                                },
                                {
                                    "value": 28
                                },
                                {
                                    "value": 29
                                },
                                {
                                    "value": 30
                                },
                                {
                                    "value": 31
                                },
                                {
                                    "value": 32
                                },
                                {
                                    "value": 33
                                },
                                {
                                    "value": 34
                                },
                                {
                                    "value": 35
                                },
                                {
                                    "value": 36
                                },
                                {
                                    "value": 37
                                },
                                {
                                    "value": 38
                                },
                                {
                                    "value": 39
                                },
                                {
                                    "value": 40
                                },
                                {
                                    "value": 41
                                },
                                {
                                    "value": 42
                                },
                                {
                                    "value": 43
                                },
                                {
                                    "value": 44
                                },
                                {
                                    "value": 45
                                },
                                {
                                    "value": 46
                                },
                                {
                                    "value": 47
                                },
                                {
                                    "value": 48
                                },
                                {
                                    "value": 49
                                },
                                {
                                    "value": 50
                                },
                                {
                                    "value": 51
                                },
                                {
                                    "value": 52
                                },
                                {
                                    "value": 53
                                },
                                {
                                    "value": 54
                                },
                                {
                                    "value": 55
                                },
                                {
                                    "value": 56
                                },
                                {
                                    "value": 57
                                },
                                {
                                    "value": 58
                                },
                                {
                                    "value": 59
                                },
                                {
                                    "value": 60
                                },
                                {
                                    "value": 61
                                },
                                {
                                    "value": 62
                                },
                                {
                                    "value": 63
                                },
                                {
                                    "value": 64
                                },
                                {
                                    "value": 65
                                },
                                {
                                    "value": 66
                                }
                            ]
                        }
                    ]
                }
            ],
            "defaultActions": [
                {
                    "gotoAndPlay": "tuzi"
                }
            ]
        }
    ]
}