{
    "width": 699,
    "imagePath": "bomb_tex.png",
    "height": 1024,
    "name": "bomb",
    "SubTexture": [
        {
            "frameX": 0,
            "y": 601,
            "frameY": 0,
            "frameWidth": 169,
            "width": 169,
            "frameHeight": 345,
            "height": 344,
            "name": "太空怪物1",
            "x": 1
        },
        {
            "width": 185,
            "y": 601,
            "height": 229,
            "name": "太空怪物2",
            "x": 379
        },
        {
            "width": 306,
            "y": 381,
            "height": 218,
            "name": "太空怪物3",
            "x": 1
        },
        {
            "width": 314,
            "y": 1,
            "height": 194,
            "name": "太空怪物4",
            "x": 184
        },
        {
            "frameX": 0,
            "y": 1,
            "frameY": 0,
            "frameWidth": 181,
            "width": 181,
            "frameHeight": 384,
            "height": 378,
            "name": "太空怪物5",
            "x": 1
        },
        {
            "frameX": 0,
            "y": 601,
            "frameY": -11,
            "frameWidth": 125,
            "width": 125,
            "frameHeight": 276,
            "height": 265,
            "name": "太空怪物6",
            "x": 566
        },
        {
            "width": 191,
            "y": 852,
            "height": 170,
            "name": "太空怪物7",
            "x": 172
        },
        {
            "width": 205,
            "y": 601,
            "height": 249,
            "name": "太空怪物8",
            "x": 172
        },
        {
            "width": 195,
            "y": 852,
            "height": 154,
            "name": "太空怪物9",
            "x": 365
        },
        {
            "width": 151,
            "y": 387,
            "height": 178,
            "name": "太空怪物10",
            "x": 309
        },
        {
            "width": 146,
            "y": 197,
            "height": 188,
            "name": "太空怪物11",
            "x": 309
        },
        {
            "frameX": -3,
            "y": 868,
            "frameY": 0,
            "frameWidth": 139,
            "width": 135,
            "frameHeight": 149,
            "height": 149,
            "name": "太空怪物12",
            "x": 562
        },
        {
            "frameX": 0,
            "y": 197,
            "frameY": 0,
            "frameWidth": 118,
            "width": 118,
            "frameHeight": 147,
            "height": 145,
            "name": "太空怪物13",
            "x": 184
        }
    ]
}