{"mc":{
	"chongneng":{
		"frameRate":24,
		"events":[
			
			],
		"frames":[
			
			{
			"res":"A91B2500",
			"x":18,
			"y":42
			},
			{
			"res":"B0B94D59",
			"x":20,
			"y":44
			},
			{
			"res":"1C3F550B",
			"x":21,
			"y":44
			},
			{
			"res":"3A73AF54",
			"x":22,
			"y":47
			},
			{
			"res":"C5C3F6B1",
			"x":25,
			"y":22
			},
			{
			"res":"7BA72292",
			"x":20,
			"y":23
			},
			{
			"res":"31527ADB",
			"x":22,
			"y":22
			},
			{
			"res":"9AACA5E9",
			"x":21,
			"y":21
			},
			{
			"res":"BB14F706",
			"x":21,
			"y":23
			},
			{
			"res":"32A6E56",
			"x":21,
			"y":25
			},
			{
			"res":"73959E92",
			"x":24,
			"y":27
			},
			{
			"res":"F24A6FD1",
			"x":24,
			"y":26
			},
			{
			"res":"3B1C2243",
			"x":19,
			"y":28
			},
			{
			"res":"9FDC2942",
			"x":22,
			"y":22
			},
			{
			"res":"FF1313D4",
			"x":21,
			"y":23
			},
			{
			"res":"7AE308",
			"x":24,
			"y":24
			}
			]
}},
	"res":{
		"1C3F550B":{"x":89,"y":165,"w":77,"h":64},
		"73959E92":{"x":248,"y":157,"w":75,"h":75},
		"FF1313D4":{"x":428,"y":1,"w":81,"h":82},
		"B0B94D59":{"x":1,"y":165,"w":86,"h":63},
		"32A6E56":{"x":1,"y":89,"w":81,"h":71},
		"31527ADB":{"x":1,"y":1,"w":84,"h":86},
		"3B1C2243":{"x":340,"y":1,"w":86,"h":80},
		"7BA72292":{"x":87,"y":1,"w":84,"h":82},
		"F24A6FD1":{"x":87,"y":85,"w":79,"h":78},
		"9FDC2942":{"x":257,"y":1,"w":81,"h":85},
		"BB14F706":{"x":168,"y":87,"w":78,"h":76},
		"C5C3F6B1":{"x":340,"y":83,"w":80,"h":83},
		"9AACA5E9":{"x":173,"y":1,"w":82,"h":84},
		"7AE308":{"x":422,"y":85,"w":77,"h":78},
		"3A73AF54":{"x":422,"y":165,"w":79,"h":61},
		"A91B2500":{"x":248,"y":88,"w":88,"h":67}
	}}