{
"texture":"guansu2.png",
"startBlueVariance":0
,"radialAccelerationVariance":0
,"emitterType":0
,"startBlue":255
,"startSize":30
,"tangentialAccelerationVariance":0
,"endGreen":255
,"emitter":{"x":200,"y":400}
,"maxRadiusVariance":30
,"lifespan":1000
,"startGreen":255
,"minRadius":20
,"lifespanVariance":300
,"maxRadius":100
,"minRadiusVariance":10
,"startRedVariance":0
,"blendFactorSource":"one"
,"rotatePerSecond":30
,"startSizeVariance":10
,"blendFactorDestination":"oneMinusSourceAlpha"
,"rotatePerSecondVariance":10
,"endSize":5
,"startAlphaVariance":0
,"emitterVariance":{"x":20,"y":20}
,"duration":-1
,"tangentialAcceleration":0
,"emitAngle":180
,"maxParticles":30
,"emitAngleVariance":360
,"engGreenVariance":0
,"startRotation":0
,"startRed":255
,"endAlphaVariance":0
,"startRotationVariance":45
,"startGreenVariance":0
,"endAlpha":0.8901960784313725
,"endRotation":263.58
,"endSizeVariance":5
,"endBlue":255
,"speed":0
,"gravity":{"x":-100,"y":40}
,"speedVariance":0
,"endRotationVariance":292.07
,"endRed":255
,"endRedVariance":0
,"endBlueVariance":0
,"radialAcceleration":0
,"startAlpha":0.8901960784313725
}