{"mc":{"huiju":{"frames":[{"duration":1,"y":-76,"res":"Sprite_0","x":-120},{"duration":1,"y":-83,"res":"Sprite_1","x":-223},{"duration":1,"y":-107,"res":"Sprite_2","x":-223},{"duration":1,"y":-112,"res":"Sprite_3","x":-223},{"duration":1,"y":-109,"res":"Sprite_4","x":-223},{"duration":1,"y":-129,"res":"Sprite_5","x":-223},{"duration":1,"y":-131,"res":"Sprite_6","x":-223},{"duration":1,"y":-131,"res":"Sprite_7","x":-223},{"duration":1,"y":-131,"res":"Sprite_8","x":-223},{"duration":1,"y":-131,"res":"Sprite_9","x":-223},{"duration":1,"y":-131,"res":"Sprite_10","x":-223},{"duration":1,"y":-131,"res":"Sprite_11","x":-223},{"duration":1,"y":-131,"res":"Sprite_12","x":-223},{"duration":1,"y":-131,"res":"Sprite_13","x":-223},{"duration":1,"y":-131,"res":"Sprite_14","x":-223},{"duration":1,"y":-131,"res":"Sprite_15","x":-223},{"duration":1,"y":-131,"res":"Sprite_16","x":-223},{"duration":1,"y":-129,"res":"Sprite_17","x":-223},{"duration":1,"y":-131,"res":"Sprite_18","x":-223},{"duration":1,"y":-131,"res":"Sprite_19","x":-223},{"duration":1,"y":-92,"res":"Sprite_20","x":-223},{"duration":1,"y":-90,"res":"Sprite_21","x":-223},{"duration":1,"y":-88,"res":"Sprite_22","x":-223},{"duration":1,"y":-83,"res":"Sprite_23","x":-223},{"duration":1,"y":-80,"res":"Sprite_24","x":-223},{"duration":1,"y":-76,"res":"Sprite_25","x":-223},{"duration":1,"y":-73,"res":"Sprite_26","x":-223},{"duration":1,"y":-110,"res":"Sprite_27","x":-223},{"duration":1,"y":-110,"res":"Sprite_28","x":-223},{"duration":1,"y":-110,"res":"Sprite_29","x":-223},{"duration":1,"y":-110,"res":"Sprite_30","x":-223},{"duration":1,"y":-110,"res":"Sprite_31","x":-223},{"duration":1,"y":-110,"res":"Sprite_32","x":-223},{"duration":1,"y":-109,"res":"Sprite_33","x":-223},{"duration":1,"y":-109,"res":"Sprite_34","x":-223},{"duration":1,"y":-92,"res":"Sprite_35","x":-223},{"duration":1,"y":-90,"res":"Sprite_36","x":-223},{"duration":1,"y":-85,"res":"Sprite_37","x":-208},{"duration":1,"y":-83,"res":"Sprite_38","x":-133}],"labels":[{"end":39,"frame":1,"name":"Sprite"}],"frameRate":48,"events":[]}},"file":"huiju.png","res":{"Sprite_37":{"x":1373,"y":912,"w":182,"h":83},"Sprite_13":{"x":613,"y":420,"w":170,"h":229},"Sprite_23":{"x":443,"y":835,"w":240,"h":175},"Sprite_15":{"x":241,"y":420,"w":190,"h":225},"Sprite_6":{"x":1040,"y":150,"w":117,"h":240},"Sprite_30":{"x":976,"y":580,"w":206,"h":149},"Sprite_27":{"x":1,"y":451,"w":238,"h":200},"Sprite_20":{"x":210,"y":835,"w":231,"h":184},"Sprite_0":{"x":217,"y":420,"w":17,"h":17},"Sprite_17":{"x":1,"y":653,"w":207,"h":224},"Sprite_10":{"x":817,"y":1,"w":146,"h":235},"Sprite_34":{"x":1181,"y":1,"w":201,"h":129},"Sprite_3":{"x":1306,"y":722,"w":96,"h":188},"Sprite_31":{"x":965,"y":1,"w":214,"h":147},"Sprite_24":{"x":836,"y":238,"w":202,"h":165},"Sprite_4":{"x":1272,"y":504,"w":99,"h":216},"Sprite_12":{"x":653,"y":187,"w":162,"h":231},"Sprite_38":{"x":785,"y":580,"w":24,"h":24},"Sprite_35":{"x":1159,"y":390,"w":213,"h":112},"Sprite_28":{"x":217,"y":226,"w":233,"h":192},"Sprite_21":{"x":466,"y":1,"w":240,"h":184},"Sprite_9":{"x":836,"y":580,"w":138,"h":239},"Sprite_2":{"x":1184,"y":504,"w":83,"h":179},"Sprite_32":{"x":836,"y":821,"w":214,"h":147},"Sprite_14":{"x":433,"y":420,"w":178,"h":226},"Sprite_25":{"x":785,"y":420,"w":213,"h":158},"Sprite_18":{"x":1,"y":226,"w":214,"h":223},"Sprite_7":{"x":1181,"y":731,"w":123,"h":240},"Sprite_11":{"x":685,"y":651,"w":149,"h":233},"Sprite_29":{"x":224,"y":1,"w":240,"h":185},"Sprite_22":{"x":210,"y":653,"w":240,"h":180},"Sprite_1":{"x":708,"y":1,"w":36,"h":115},"Sprite_36":{"x":1272,"y":132,"w":177,"h":103},"Sprite_8":{"x":1052,"y":731,"w":127,"h":240},"Sprite_33":{"x":1,"y":879,"w":194,"h":134},"Sprite_26":{"x":452,"y":651,"w":225,"h":168},"Sprite_19":{"x":1,"y":1,"w":221,"h":223},"Sprite_16":{"x":452,"y":188,"w":199,"h":223},"Sprite_5":{"x":1159,"y":150,"w":111,"h":238}}}