{
    "mc": {
        "jiguang_mc": {
            "frames": [
                {
                    "duration": 1,
                    "y": -67,
                    "res": "Sprite_0",
                    "x": -27
                },
                {
                    "duration": 1,
                    "y": -67,
                    "res": "Sprite_1",
                    "x": -27
                },
                {
                    "duration": 1,
                    "y": -67,
                    "res": "Sprite_2",
                    "x": -27
                },
                {
                    "duration": 1,
                    "y": -67,
                    "res": "Sprite_3",
                    "x": -27
                },
                {
                    "duration": 1,
                    "y": -67,
                    "res": "Sprite_4",
                    "x": -27
                },
                {
                    "duration": 1,
                    "y": -67,
                    "res": "Sprite_5",
                    "x": -27
                },
                {
                    "duration": 1,
                    "y": -67,
                    "res": "Sprite_6",
                    "x": -27
                },
                {
                    "duration": 1,
                    "y": -67,
                    "res": "Sprite_7",
                    "x": -27
                },
                {
                    "duration": 1,
                    "y": -67,
                    "res": "Sprite_8",
                    "x": -27
                },
                {
                    "duration": 1,
                    "y": -67,
                    "res": "Sprite_9",
                    "x": -27
                },
                {
                    "duration": 1,
                    "y": -67,
                    "res": "Sprite_10",
                    "x": -27
                },
                {
                    "duration": 1,
                    "y": -67,
                    "res": "Sprite_11",
                    "x": -27
                },
                {
                    "duration": 1,
                    "y": -67,
                    "res": "Sprite_12",
                    "x": -19
                },
                {
                    "duration": 1,
                    "y": -67,
                    "res": "Sprite_13",
                    "x": -27
                }
            ],
            "labels": [
                {
                    "end": 14,
                    "frame": 1,
                    "name": "Sprite"
                }
            ],
            "frameRate": 38,
            "events": []
        }
    },
    "file": "jiguang_mc.png",
    "res": {
        "Sprite_8": {
            "x": 1,
            "y": 781,
            "w": 775,
            "h": 128
        },
        "Sprite_1": {
            "x": 549,
            "y": 1301,
            "w": 362,
            "h": 128
        },
        "Sprite_5": {
            "x": 1,
            "y": 1171,
            "w": 591,
            "h": 128
        },
        "Sprite_3": {
            "x": 1,
            "y": 1431,
            "w": 500,
            "h": 128
        },
        "Sprite_10": {
            "x": 1,
            "y": 1,
            "w": 900,
            "h": 128
        },
        "Sprite_4": {
            "x": 1,
            "y": 1301,
            "w": 546,
            "h": 128
        },
        "Sprite_11": {
            "x": 1,
            "y": 131,
            "w": 900,
            "h": 128
        },
        "Sprite_2": {
            "x": 503,
            "y": 1431,
            "w": 454,
            "h": 128
        },
        "Sprite_9": {
            "x": 1,
            "y": 651,
            "w": 820,
            "h": 128
        },
        "Sprite_7": {
            "x": 1,
            "y": 911,
            "w": 729,
            "h": 128
        },
        "Sprite_0": {
            "x": 1,
            "y": 261,
            "w": 900,
            "h": 128
        },
        "Sprite_13": {
            "x": 1,
            "y": 391,
            "w": 900,
            "h": 128
        },
        "Sprite_12": {
            "x": 1,
            "y": 521,
            "w": 892,
            "h": 128
        },
        "Sprite_6": {
            "x": 1,
            "y": 1041,
            "w": 683,
            "h": 128
        }
    }
}