{
    "mc": {
        "liehen": {
            "frames": [
                {
                    "y": -133,
                    "duration": 1,
                    "res": "Sprite_0",
                    "x": -125
                },
                {
                    "y": -513,
                    "duration": 1,
                    "res": "Sprite_1",
                    "x": -505
                },
                {
                    "y": -514,
                    "duration": 1,
                    "res": "Sprite_2",
                    "x": -506
                },
                {
                    "y": -513,
                    "duration": 1,
                    "res": "Sprite_3",
                    "x": -505
                },
                {
                    "y": -513,
                    "duration": 1,
                    "res": "Sprite_4",
                    "x": -505
                },
                {
                    "y": -514,
                    "duration": 1,
                    "res": "Sprite_5",
                    "x": -505
                },
                {
                    "y": -513,
                    "duration": 1,
                    "res": "Sprite_6",
                    "x": -505
                },
                {
                    "y": -514,
                    "duration": 1,
                    "res": "Sprite_7",
                    "x": -507
                },
                {
                    "y": -514,
                    "duration": 1,
                    "res": "Sprite_8",
                    "x": -507
                },
                {
                    "y": -513,
                    "duration": 1,
                    "res": "Sprite_9",
                    "x": -506
                },
                {
                    "y": -513,
                    "duration": 1,
                    "res": "Sprite_10",
                    "x": -506
                },
                {
                    "y": -515,
                    "duration": 1,
                    "res": "Sprite_11",
                    "x": -505
                }
            ],
            "labels": [
                {
                    "end": 12,
                    "frame": 1,
                    "name": "Sprite"
                }
            ],
            "frameRate": 15,
            "events": []
        }
    },
    "file": "liehen.png",
    "res": {
        "Sprite_7": {
            "x": 1027,
            "y": 1,
            "w": 1024,
            "h": 1007
        },
        "Sprite_9": {
            "x": 1027,
            "y": 2019,
            "w": 1023,
            "h": 1005
        },
        "Sprite_1": {
            "x": 2053,
            "y": 1010,
            "w": 1023,
            "h": 1005
        },
        "Sprite_10": {
            "x": 2052,
            "y": 3024,
            "w": 1022,
            "h": 1004
        },
        "Sprite_3": {
            "x": 2053,
            "y": 2017,
            "w": 1023,
            "h": 1005
        },
        "Sprite_5": {
            "x": 1,
            "y": 1027,
            "w": 1024,
            "h": 1006
        },
        "Sprite_11": {
            "x": 1,
            "y": 1,
            "w": 1024,
            "h": 1024
        },
        "Sprite_8": {
            "x": 2053,
            "y": 1,
            "w": 1024,
            "h": 1007
        },
        "Sprite_0": {
            "x": 1,
            "y": 3042,
            "w": 258,
            "h": 254
        },
        "Sprite_2": {
            "x": 1027,
            "y": 1010,
            "w": 1024,
            "h": 1007
        },
        "Sprite_4": {
            "x": 1,
            "y": 2035,
            "w": 1023,
            "h": 1005
        },
        "Sprite_6": {
            "x": 1026,
            "y": 3026,
            "w": 1022,
            "h": 1004
        }
    }
}