{"mc":{"liehen":{"frames":[{"duration":1,"y":-104,"res":"Sprite_0","x":-96},{"duration":1,"y":-403,"res":"Sprite_1","x":-390},{"duration":1,"y":-403,"res":"Sprite_2","x":-390},{"duration":1,"y":-403,"res":"Sprite_3","x":-390},{"duration":1,"y":-403,"res":"Sprite_4","x":-394},{"duration":1,"y":-403,"res":"Sprite_5","x":-394},{"duration":1,"y":-403,"res":"Sprite_6","x":-394},{"duration":1,"y":-403,"res":"Sprite_7","x":-394},{"duration":1,"y":-403,"res":"Sprite_8","x":-394},{"duration":1,"y":-403,"res":"Sprite_9","x":-394},{"duration":1,"y":-403,"res":"Sprite_10","x":-394},{"duration":1,"y":-403,"res":"Sprite_11","x":-394},{"duration":1,"y":-403,"res":"Sprite_12","x":-394},{"duration":1,"y":-403,"res":"Sprite_13","x":-394},{"duration":1,"y":-403,"res":"Sprite_14","x":-394},{"duration":1,"y":-403,"res":"Sprite_15","x":-394}],"labels":[{"end":16,"frame":1,"name":"Sprite"}],"frameRate":24,"events":[]}},"file":"liehen01_tex.png","res":{"Sprite_9":{"x":803,"y":1,"w":800,"h":786},"Sprite_2":{"x":799,"y":3152,"w":796,"h":785},"Sprite_15":{"x":1,"y":1,"w":800,"h":800},"Sprite_5":{"x":1605,"y":1,"w":800,"h":786},"Sprite_6":{"x":2407,"y":1,"w":800,"h":786},"Sprite_13":{"x":3209,"y":1,"w":800,"h":786},"Sprite_7":{"x":803,"y":789,"w":800,"h":786},"Sprite_11":{"x":1,"y":803,"w":800,"h":786},"Sprite_0":{"x":1,"y":3166,"w":201,"h":199},"Sprite_10":{"x":1605,"y":789,"w":800,"h":786},"Sprite_3":{"x":803,"y":2365,"w":796,"h":785},"Sprite_1":{"x":1,"y":2379,"w":796,"h":785},"Sprite_4":{"x":2407,"y":789,"w":800,"h":786},"Sprite_14":{"x":3209,"y":789,"w":800,"h":786},"Sprite_12":{"x":803,"y":1577,"w":800,"h":786},"Sprite_8":{"x":1,"y":1591,"w":800,"h":786}}}