{"width":2049,"height":962,"name":"stand","SubTexture":[{"frameX":-35,"y":1,"frameY":-50,"frameWidth":1353,"width":1298,"frameHeight":554,"height":459,"name":"飞碟 带光","x":1},{"width":120,"y":787,"height":163,"name":"左4","x":174},{"width":163,"y":462,"height":149,"name":"左1","x":203},{"width":238,"y":622,"height":163,"name":"左2","x":1},{"width":174,"y":582,"height":360,"name":"左3","x":1606},{"width":303,"y":363,"height":217,"name":"左 翅膀","x":1662},{"width":303,"y":403,"height":217,"name":"右 翅膀2","x":1301},{"width":359,"y":1,"height":400,"name":"下身","x":1301},{"width":369,"y":1,"height":360,"name":"上身","x":1662},{"width":200,"y":462,"height":153,"name":"舌头","x":1},{"width":40,"y":531,"height":36,"name":"眼睛","x":1606},{"width":66,"y":363,"height":136,"name":"右4","x":1967},{"frameX":0,"y":582,"frameY":0,"frameWidth":107,"width":107,"frameHeight":134,"height":130,"name":"右1","x":1940},{"width":171,"y":787,"height":166,"name":"右2","x":1},{"width":156,"y":582,"height":378,"name":"右3","x":1782},{"width":73,"y":714,"height":51,"name":"1-1","x":1940},{"width":61,"y":501,"height":68,"name":"1-2","x":1967},{"width":87,"y":882,"height":26,"name":"1-3","x":1940},{"width":40,"y":465,"height":64,"name":"1-4","x":1606},{"width":52,"y":403,"height":60,"name":"2-1","x":1606},{"width":37,"y":813,"height":67,"name":"2-2","x":1940},{"width":71,"y":767,"height":44,"name":"2-3","x":1940},{"width":19,"y":767,"height":60,"name":"2-4","x":2013}],"imagePath":"stand_tex.png"}