{
    "frameRate": 24,
    "name": "baozha01",
    "version": "5.5",
    "compatibleVersion": "5.5",
    "armature": [
        {
            "type": "Sheet",
            "frameRate": 30,
            "name": "bomp",
            "aabb": {
                "x": -335,
                "y": -297.5,
                "width": 670,
                "height": 595
            },
            "bone": [
                {
                    "name": "root"
                }
            ],
            "slot": [
                {
                    "displayIndex": 32,
                    "name": "sheetSlot",
                    "parent": "root"
                }
            ],
            "skin": [
                {
                    "slot": [
                        {
                            "name": "sheetSlot",
                            "display": [
                                {
                                    "name": "41"
                                },
                                {
                                    "name": "01"
                                },
                                {
                                    "name": "02"
                                },
                                {
                                    "name": "03"
                                },
                                {
                                    "name": "04"
                                },
                                {
                                    "name": "05"
                                },
                                {
                                    "name": "06"
                                },
                                {
                                    "name": "07"
                                },
                                {
                                    "name": "08"
                                },
                                {
                                    "name": "09"
                                },
                                {
                                    "name": "10"
                                },
                                {
                                    "name": "11"
                                },
                                {
                                    "name": "12"
                                },
                                {
                                    "name": "13"
                                },
                                {
                                    "name": "14"
                                },
                                {
                                    "name": "15"
                                },
                                {
                                    "name": "16"
                                },
                                {
                                    "name": "17"
                                },
                                {
                                    "name": "18"
                                },
                                {
                                    "name": "19"
                                },
                                {
                                    "name": "20"
                                },
                                {
                                    "name": "21"
                                },
                                {
                                    "name": "22"
                                },
                                {
                                    "name": "23"
                                },
                                {
                                    "name": "24"
                                },
                                {
                                    "name": "25"
                                },
                                {
                                    "name": "26"
                                },
                                {
                                    "name": "27"
                                },
                                {
                                    "name": "28"
                                },
                                {
                                    "name": "29"
                                },
                                {
                                    "name": "30"
                                },
                                {
                                    "name": "31"
                                },
                                {
                                    "name": "32"
                                },
                                {
                                    "name": "33"
                                },
                                {
                                    "name": "34"
                                },
                                {
                                    "name": "35"
                                },
                                {
                                    "name": "36"
                                },
                                {
                                    "name": "37"
                                },
                                {
                                    "name": "38"
                                },
                                {
                                    "name": "39"
                                },
                                {
                                    "name": "40"
                                }
                            ]
                        }
                    ]
                }
            ],
            "animation": [
                {
                    "duration": 41,
                    "playTimes": 0,
                    "name": "bomp",
                    "slot": [
                        {
                            "name": "sheetSlot",
                            "displayFrame": [
                                {},
                                {
                                    "value": 1
                                },
                                {
                                    "value": 2
                                },
                                {
                                    "value": 3
                                },
                                {
                                    "value": 4
                                },
                                {
                                    "value": 5
                                },
                                {
                                    "value": 6
                                },
                                {
                                    "value": 7
                                },
                                {
                                    "value": 8
                                },
                                {
                                    "value": 9
                                },
                                {
                                    "value": 10
                                },
                                {
                                    "value": 11
                                },
                                {
                                    "value": 12
                                },
                                {
                                    "value": 13
                                },
                                {
                                    "value": 14
                                },
                                {
                                    "value": 15
                                },
                                {
                                    "value": 16
                                },
                                {
                                    "value": 17
                                },
                                {
                                    "value": 18
                                },
                                {
                                    "value": 19
                                },
                                {
                                    "value": 20
                                },
                                {
                                    "value": 21
                                },
                                {
                                    "value": 22
                                },
                                {
                                    "value": 23
                                },
                                {
                                    "value": 24
                                },
                                {
                                    "value": 25
                                },
                                {
                                    "value": 26
                                },
                                {
                                    "value": 27
                                },
                                {
                                    "value": 28
                                },
                                {
                                    "value": 29
                                },
                                {
                                    "value": 30
                                },
                                {
                                    "value": 31
                                },
                                {
                                    "value": 32
                                },
                                {
                                    "value": 33
                                },
                                {
                                    "value": 34
                                },
                                {
                                    "value": 35
                                },
                                {
                                    "value": 36
                                },
                                {
                                    "value": 37
                                },
                                {
                                    "value": 38
                                },
                                {
                                    "value": 39
                                },
                                {
                                    "value": 40
                                }
                            ]
                        }
                    ]
                }
            ],
            "defaultActions": [
                {
                    "gotoAndPlay": "bomp"
                }
            ]
        }
    ]
}