{"width":4096,"imagePath":"baozha01_tex.png","height":4096,"name":"baozha01","SubTexture":[{"y":1550,"frameX":-152,"frameHeight":595,"frameY":-179,"width":321,"frameWidth":670,"height":318,"name":"05","x":3037},{"y":1534,"frameX":-75,"frameHeight":595,"frameY":-284,"width":412,"frameWidth":670,"height":260,"name":"34","x":3451},{"y":522,"frameX":-52,"frameHeight":595,"frameY":-96,"width":541,"frameWidth":670,"height":490,"name":"27","x":3123},{"y":2132,"frameX":-100,"frameHeight":595,"frameY":-132,"width":438,"frameWidth":670,"height":419,"name":"10","x":551},{"y":1014,"frameX":-75,"frameHeight":595,"frameY":-286,"width":518,"frameWidth":670,"height":257,"name":"33","x":3037},{"y":2048,"frameX":-55,"frameHeight":595,"frameY":-192,"width":541,"frameWidth":670,"height":391,"name":"30","x":1170},{"y":1684,"frameX":-75,"frameHeight":595,"frameY":-205,"width":517,"frameWidth":670,"height":338,"name":"32","x":1},{"y":309,"frameX":-293,"frameHeight":595,"frameY":-280,"width":194,"frameWidth":670,"height":140,"name":"38","x":3674},{"y":1,"frameX":-2,"frameHeight":595,"frameY":-5,"width":665,"frameWidth":670,"height":588,"name":"20","x":1},{"y":1560,"frameX":-162,"frameHeight":595,"frameY":-188,"width":301,"frameWidth":670,"height":299,"name":"04","x":2389},{"y":1673,"frameX":-82,"frameHeight":595,"frameY":-114,"width":457,"frameWidth":670,"height":457,"name":"11","x":551},{"y":1,"frameX":-36,"frameHeight":595,"frameY":-33,"width":593,"frameWidth":670,"height":560,"name":"23","x":2528},{"y":1,"frameX":-15,"frameHeight":595,"frameY":-14,"width":640,"frameWidth":670,"height":579,"name":"19","x":668},{"y":1241,"frameX":-76,"frameHeight":595,"frameY":-279,"width":413,"frameWidth":670,"height":291,"name":"36","x":3557},{"y":547,"frameX":-37,"frameHeight":595,"frameY":-33,"width":592,"frameWidth":670,"height":560,"name":"24","x":1912},{"y":1149,"frameX":-51,"frameHeight":595,"frameY":-73,"width":571,"frameWidth":670,"height":522,"name":"25","x":597},{"y":1,"frameX":-29,"frameHeight":595,"frameY":0,"width":600,"frameWidth":670,"height":593,"name":"21","x":1310},{"y":1560,"frameX":-170,"frameHeight":595,"frameY":-195,"width":286,"frameWidth":670,"height":284,"name":"03","x":2692},{"y":1126,"frameX":-24,"frameHeight":595,"frameY":-60,"width":571,"frameWidth":670,"height":535,"name":"15","x":1277},{"y":2431,"frameX":-120,"frameHeight":595,"frameY":-149,"width":388,"frameWidth":670,"height":382,"name":"08","x":1},{"y":1870,"frameX":-195,"frameHeight":595,"frameY":-217,"width":238,"frameWidth":670,"height":237,"name":"01","x":2348},{"y":1605,"frameX":-71,"frameHeight":595,"frameY":-104,"width":477,"frameWidth":670,"height":478,"name":"12","x":1869},{"y":522,"frameX":-127,"frameHeight":595,"frameY":-157,"width":382,"frameWidth":670,"height":366,"name":"07","x":3666},{"y":1273,"frameX":-75,"frameHeight":595,"frameY":-282,"width":412,"frameWidth":670,"height":275,"name":"35","x":3037},{"y":1273,"frameX":-227,"frameHeight":595,"frameY":-356,"width":96,"frameWidth":670,"height":239,"name":"41","x":3451},{"y":1846,"frameX":-178,"frameHeight":595,"frameY":-203,"width":271,"frameWidth":670,"height":268,"name":"02","x":2692},{"y":1,"frameX":-51,"frameHeight":595,"frameY":-67,"width":549,"frameWidth":670,"height":519,"name":"26","x":3123},{"y":1109,"frameX":-75,"frameHeight":595,"frameY":-97,"width":518,"frameWidth":670,"height":494,"name":"28","x":1869},{"y":1072,"frameX":-64,"frameHeight":595,"frameY":-97,"width":529,"frameWidth":670,"height":486,"name":"29","x":2506},{"y":563,"frameX":-54,"frameHeight":595,"frameY":-88,"width":509,"frameWidth":670,"height":507,"name":"13","x":2506},{"y":1,"frameX":-76,"frameHeight":595,"frameY":-276,"width":413,"frameWidth":670,"height":306,"name":"37","x":3674},{"y":591,"frameX":-36,"frameHeight":595,"frameY":-32,"width":594,"frameWidth":670,"height":563,"name":"18","x":1},{"y":1156,"frameX":-34,"frameHeight":595,"frameY":-69,"width":548,"frameWidth":670,"height":526,"name":"14","x":1},{"y":1,"frameX":-4,"frameHeight":595,"frameY":-40,"width":614,"frameWidth":670,"height":544,"name":"17","x":1912},{"y":890,"frameX":-136,"frameHeight":595,"frameY":-165,"width":352,"frameWidth":670,"height":349,"name":"06","x":3666},{"y":582,"frameX":-22,"frameHeight":595,"frameY":-28,"width":607,"frameWidth":670,"height":565,"name":"22","x":668},{"y":2132,"frameX":-227,"frameHeight":595,"frameY":-310,"width":162,"frameWidth":670,"height":285,"name":"39","x":991},{"y":2024,"frameX":-109,"frameHeight":595,"frameY":-139,"width":429,"frameWidth":670,"height":405,"name":"09","x":1},{"y":596,"frameX":-15,"frameHeight":595,"frameY":-51,"width":590,"frameWidth":670,"height":528,"name":"16","x":1277},{"y":2419,"frameX":-227,"frameHeight":595,"frameY":-312,"width":160,"frameWidth":670,"height":283,"name":"40","x":991},{"y":1663,"frameX":-41,"frameHeight":595,"frameY":-200,"width":555,"frameWidth":670,"height":383,"name":"31","x":1170}]}