{"width":512,"SubTexture":[{"frameWidth":80,"y":165,"frameHeight":80,"width":77,"frameX":-2,"height":77,"name":"09","frameY":-2,"x":83},{"frameWidth":80,"y":165,"frameHeight":80,"width":53,"frameX":-14,"height":51,"name":"06","frameY":-15,"x":377},{"width":80,"y":83,"height":80,"name":"03","x":83},{"width":80,"y":1,"height":80,"name":"02","x":83},{"frameWidth":80,"y":165,"frameHeight":80,"width":77,"frameX":-2,"height":76,"name":"01","frameY":-2,"x":162},{"frameWidth":80,"y":212,"frameHeight":80,"width":37,"frameX":-24,"height":32,"name":"04","frameY":-24,"x":432},{"width":80,"y":1,"height":80,"name":"11","x":1},{"frameWidth":80,"y":165,"frameHeight":80,"width":71,"frameX":-5,"height":70,"name":"08","frameY":-5,"x":241},{"width":80,"y":165,"height":80,"name":"10","x":1},{"frameWidth":80,"y":165,"frameHeight":80,"width":61,"frameX":-10,"height":57,"name":"07","frameY":-12,"x":314},{"width":80,"y":83,"height":80,"name":"12","x":1},{"frameWidth":80,"y":165,"frameHeight":80,"width":47,"frameX":-17,"height":45,"name":"05","frameY":-18,"x":432}],"height":256,"name":"dianhuo","imagePath":"dianhuo_tex.png"}