{
    "frameRate": 24,
    "name": "xiongmao",
    "version": "5.5",
    "compatibleVersion": "5.5",
    "armature": [
        {
            "type": "Sheet",
            "frameRate": 24,
            "name": "pandaPlay",
            "aabb": {
                "x": -17.31,
                "y": -72.2,
                "width": 500,
                "height": 300
            },
            "bone": [
                {
                    "name": "root"
                }
            ],
            "slot": [
                {
                    "displayIndex": 25,
                    "name": "sheetSlot",
                    "parent": "root"
                }
            ],
            "skin": [
                {
                    "slot": [
                        {
                            "name": "sheetSlot",
                            "display": [
                                {
                                    "name": "熊猫-10001",
                                    "transform": {
                                        "x": 232.69,
                                        "y": 77.8
                                    }
                                },
                                {
                                    "name": "熊猫-10002",
                                    "transform": {
                                        "x": 232.69,
                                        "y": 77.8
                                    }
                                },
                                {
                                    "name": "熊猫-10003",
                                    "transform": {
                                        "x": 232.69,
                                        "y": 77.8
                                    }
                                },
                                {
                                    "name": "熊猫-10004",
                                    "transform": {
                                        "x": 232.69,
                                        "y": 77.8
                                    }
                                },
                                {
                                    "name": "熊猫-10005",
                                    "transform": {
                                        "x": 232.69,
                                        "y": 77.8
                                    }
                                },
                                {
                                    "name": "熊猫-10006",
                                    "transform": {
                                        "x": 232.69,
                                        "y": 77.8
                                    }
                                },
                                {
                                    "name": "熊猫-10007",
                                    "transform": {
                                        "x": 232.69,
                                        "y": 77.8
                                    }
                                },
                                {
                                    "name": "熊猫-10008",
                                    "transform": {
                                        "x": 232.69,
                                        "y": 77.8
                                    }
                                },
                                {
                                    "name": "熊猫-10009",
                                    "transform": {
                                        "x": 232.69,
                                        "y": 77.8
                                    }
                                },
                                {
                                    "name": "熊猫-10010",
                                    "transform": {
                                        "x": 232.69,
                                        "y": 77.8
                                    }
                                },
                                {
                                    "name": "熊猫-10011",
                                    "transform": {
                                        "x": 232.69,
                                        "y": 77.8
                                    }
                                },
                                {
                                    "name": "熊猫-10012",
                                    "transform": {
                                        "x": 232.69,
                                        "y": 77.8
                                    }
                                },
                                {
                                    "name": "熊猫-10013",
                                    "transform": {
                                        "x": 232.69,
                                        "y": 77.8
                                    }
                                },
                                {
                                    "name": "熊猫-10014",
                                    "transform": {
                                        "x": 232.69,
                                        "y": 77.8
                                    }
                                },
                                {
                                    "name": "熊猫-10015",
                                    "transform": {
                                        "x": 232.69,
                                        "y": 77.8
                                    }
                                },
                                {
                                    "name": "熊猫-10016",
                                    "transform": {
                                        "x": 232.69,
                                        "y": 77.8
                                    }
                                },
                                {
                                    "name": "熊猫-10017",
                                    "transform": {
                                        "x": 232.69,
                                        "y": 77.8
                                    }
                                },
                                {
                                    "name": "熊猫-10018",
                                    "transform": {
                                        "x": 232.69,
                                        "y": 77.8
                                    }
                                },
                                {
                                    "name": "熊猫-10019",
                                    "transform": {
                                        "x": 232.69,
                                        "y": 77.8
                                    }
                                },
                                {
                                    "name": "熊猫-10020",
                                    "transform": {
                                        "x": 232.69,
                                        "y": 77.8
                                    }
                                },
                                {
                                    "name": "熊猫-10021",
                                    "transform": {
                                        "x": 232.69,
                                        "y": 77.8
                                    }
                                },
                                {
                                    "name": "熊猫-10022",
                                    "transform": {
                                        "x": 232.69,
                                        "y": 77.8
                                    }
                                },
                                {
                                    "name": "熊猫-10023",
                                    "transform": {
                                        "x": 232.69,
                                        "y": 77.8
                                    }
                                },
                                {
                                    "name": "熊猫-10024",
                                    "transform": {
                                        "x": 232.69,
                                        "y": 77.8
                                    }
                                },
                                {
                                    "name": "熊猫-10025",
                                    "transform": {
                                        "x": 232.69,
                                        "y": 77.8
                                    }
                                },
                                {
                                    "name": "熊猫-10026",
                                    "transform": {
                                        "x": 232.69,
                                        "y": 77.8
                                    }
                                },
                                {
                                    "name": "熊猫-10027",
                                    "transform": {
                                        "x": 232.69,
                                        "y": 77.8
                                    }
                                },
                                {
                                    "name": "熊猫-10028",
                                    "transform": {
                                        "x": 232.69,
                                        "y": 77.8
                                    }
                                },
                                {
                                    "name": "熊猫-10029",
                                    "transform": {
                                        "x": 232.69,
                                        "y": 77.8
                                    }
                                },
                                {
                                    "name": "熊猫-10030",
                                    "transform": {
                                        "x": 232.69,
                                        "y": 77.8
                                    }
                                },
                                {
                                    "name": "熊猫-10031",
                                    "transform": {
                                        "x": 232.69,
                                        "y": 77.8
                                    }
                                },
                                {
                                    "name": "熊猫-10032",
                                    "transform": {
                                        "x": 232.69,
                                        "y": 77.8
                                    }
                                },
                                {
                                    "name": "熊猫-10033",
                                    "transform": {
                                        "x": 232.69,
                                        "y": 77.8
                                    }
                                },
                                {
                                    "name": "熊猫-10034",
                                    "transform": {
                                        "x": 232.69,
                                        "y": 77.8
                                    }
                                },
                                {
                                    "name": "熊猫-10035",
                                    "transform": {
                                        "x": 232.69,
                                        "y": 77.8
                                    }
                                },
                                {
                                    "name": "熊猫-10036",
                                    "transform": {
                                        "x": 232.69,
                                        "y": 77.8
                                    }
                                },
                                {
                                    "name": "熊猫-10037",
                                    "transform": {
                                        "x": 232.69,
                                        "y": 77.8
                                    }
                                },
                                {
                                    "name": "熊猫-10038",
                                    "transform": {
                                        "x": 232.69,
                                        "y": 77.8
                                    }
                                },
                                {
                                    "name": "熊猫-10039",
                                    "transform": {
                                        "x": 232.69,
                                        "y": 77.8
                                    }
                                },
                                {
                                    "name": "熊猫-10040",
                                    "transform": {
                                        "x": 232.69,
                                        "y": 77.8
                                    }
                                },
                                {
                                    "name": "熊猫-10041",
                                    "transform": {
                                        "x": 232.69,
                                        "y": 77.8
                                    }
                                },
                                {
                                    "name": "熊猫-10042",
                                    "transform": {
                                        "x": 232.69,
                                        "y": 77.8
                                    }
                                },
                                {
                                    "name": "熊猫-10043",
                                    "transform": {
                                        "x": 232.69,
                                        "y": 77.8
                                    }
                                },
                                {
                                    "name": "熊猫-10044",
                                    "transform": {
                                        "x": 232.69,
                                        "y": 77.8
                                    }
                                },
                                {
                                    "name": "熊猫-10045",
                                    "transform": {
                                        "x": 232.69,
                                        "y": 77.8
                                    }
                                },
                                {
                                    "name": "熊猫-10046",
                                    "transform": {
                                        "x": 232.69,
                                        "y": 77.8
                                    }
                                },
                                {
                                    "name": "熊猫-10047",
                                    "transform": {
                                        "x": 232.69,
                                        "y": 77.8
                                    }
                                },
                                {
                                    "name": "熊猫-10048",
                                    "transform": {
                                        "x": 232.69,
                                        "y": 77.8
                                    }
                                },
                                {
                                    "name": "熊猫-10049",
                                    "transform": {
                                        "x": 232.69,
                                        "y": 77.8
                                    }
                                },
                                {
                                    "name": "熊猫-10050",
                                    "transform": {
                                        "x": 232.69,
                                        "y": 77.8
                                    }
                                },
                                {
                                    "name": "熊猫-10051",
                                    "transform": {
                                        "x": 232.69,
                                        "y": 77.8
                                    }
                                },
                                {
                                    "name": "熊猫-10052",
                                    "transform": {
                                        "x": 232.69,
                                        "y": 77.8
                                    }
                                },
                                {
                                    "name": "熊猫-10053",
                                    "transform": {
                                        "x": 232.69,
                                        "y": 77.8
                                    }
                                },
                                {
                                    "name": "熊猫-10054",
                                    "transform": {
                                        "x": 232.69,
                                        "y": 77.8
                                    }
                                },
                                {
                                    "name": "熊猫-10055",
                                    "transform": {
                                        "x": 232.69,
                                        "y": 77.8
                                    }
                                },
                                {
                                    "name": "熊猫-10056",
                                    "transform": {
                                        "x": 232.69,
                                        "y": 77.8
                                    }
                                },
                                {
                                    "name": "熊猫-10057",
                                    "transform": {
                                        "x": 232.69,
                                        "y": 77.8
                                    }
                                },
                                {
                                    "name": "熊猫-10058",
                                    "transform": {
                                        "x": 232.69,
                                        "y": 77.8
                                    }
                                },
                                {
                                    "name": "熊猫-10059",
                                    "transform": {
                                        "x": 232.69,
                                        "y": 77.8
                                    }
                                },
                                {
                                    "name": "熊猫-10060",
                                    "transform": {
                                        "x": 232.69,
                                        "y": 77.8
                                    }
                                },
                                {
                                    "name": "熊猫-10061",
                                    "transform": {
                                        "x": 232.69,
                                        "y": 77.8
                                    }
                                },
                                {
                                    "name": "熊猫-10062",
                                    "transform": {
                                        "x": 232.69,
                                        "y": 77.8
                                    }
                                },
                                {
                                    "name": "熊猫-10063",
                                    "transform": {
                                        "x": 232.69,
                                        "y": 77.8
                                    }
                                },
                                {
                                    "name": "熊猫-10064",
                                    "transform": {
                                        "x": 232.69,
                                        "y": 77.8
                                    }
                                },
                                {
                                    "name": "熊猫-10065",
                                    "transform": {
                                        "x": 232.69,
                                        "y": 77.8
                                    }
                                },
                                {
                                    "name": "熊猫-10066",
                                    "transform": {
                                        "x": 232.69,
                                        "y": 77.8
                                    }
                                },
                                {
                                    "name": "熊猫-10067",
                                    "transform": {
                                        "x": 232.69,
                                        "y": 77.8
                                    }
                                },
                                {
                                    "name": "熊猫-10068",
                                    "transform": {
                                        "x": 232.69,
                                        "y": 77.8
                                    }
                                },
                                {
                                    "name": "熊猫-10069",
                                    "transform": {
                                        "x": 232.69,
                                        "y": 77.8
                                    }
                                },
                                {
                                    "name": "熊猫-10070",
                                    "transform": {
                                        "x": 232.69,
                                        "y": 77.8
                                    }
                                },
                                {
                                    "name": "熊猫-10071",
                                    "transform": {
                                        "x": 232.69,
                                        "y": 77.8
                                    }
                                },
                                {
                                    "name": "熊猫-10072",
                                    "transform": {
                                        "x": 232.69,
                                        "y": 77.8
                                    }
                                },
                                {
                                    "name": "熊猫-10073",
                                    "transform": {
                                        "x": 232.69,
                                        "y": 77.8
                                    }
                                },
                                {
                                    "name": "熊猫-10074",
                                    "transform": {
                                        "x": 232.69,
                                        "y": 77.8
                                    }
                                },
                                {
                                    "name": "熊猫-10075",
                                    "transform": {
                                        "x": 232.69,
                                        "y": 77.8
                                    }
                                }
                            ]
                        }
                    ]
                }
            ],
            "animation": [
                {
                    "duration": 75,
                    "playTimes": 0,
                    "name": "pandaPlay",
                    "slot": [
                        {
                            "name": "sheetSlot",
                            "displayFrame": [
                                {},
                                {
                                    "value": 1
                                },
                                {
                                    "value": 2
                                },
                                {
                                    "value": 3
                                },
                                {
                                    "value": 4
                                },
                                {
                                    "value": 5
                                },
                                {
                                    "value": 6
                                },
                                {
                                    "value": 7
                                },
                                {
                                    "value": 8
                                },
                                {
                                    "value": 9
                                },
                                {
                                    "value": 10
                                },
                                {
                                    "value": 11
                                },
                                {
                                    "value": 12
                                },
                                {
                                    "value": 13
                                },
                                {
                                    "value": 14
                                },
                                {
                                    "value": 15
                                },
                                {
                                    "value": 16
                                },
                                {
                                    "value": 17
                                },
                                {
                                    "value": 18
                                },
                                {
                                    "value": 19
                                },
                                {
                                    "value": 20
                                },
                                {
                                    "value": 21
                                },
                                {
                                    "value": 22
                                },
                                {
                                    "value": 23
                                },
                                {
                                    "value": 24
                                },
                                {
                                    "value": 25
                                },
                                {
                                    "value": 26
                                },
                                {
                                    "value": 27
                                },
                                {
                                    "value": 28
                                },
                                {
                                    "value": 29
                                },
                                {
                                    "value": 30
                                },
                                {
                                    "value": 31
                                },
                                {
                                    "value": 32
                                },
                                {
                                    "value": 33
                                },
                                {
                                    "value": 34
                                },
                                {
                                    "value": 35
                                },
                                {
                                    "value": 36
                                },
                                {
                                    "value": 37
                                },
                                {
                                    "value": 38
                                },
                                {
                                    "value": 39
                                },
                                {
                                    "value": 40
                                },
                                {
                                    "value": 41
                                },
                                {
                                    "value": 42
                                },
                                {
                                    "value": 43
                                },
                                {
                                    "value": 44
                                },
                                {
                                    "value": 45
                                },
                                {
                                    "value": 46
                                },
                                {
                                    "value": 47
                                },
                                {
                                    "value": 48
                                },
                                {
                                    "value": 49
                                },
                                {
                                    "value": 50
                                },
                                {
                                    "value": 51
                                },
                                {
                                    "value": 52
                                },
                                {
                                    "value": 53
                                },
                                {
                                    "value": 54
                                },
                                {
                                    "value": 55
                                },
                                {
                                    "value": 56
                                },
                                {
                                    "value": 57
                                },
                                {
                                    "value": 58
                                },
                                {
                                    "value": 59
                                },
                                {
                                    "value": 60
                                },
                                {
                                    "value": 61
                                },
                                {
                                    "value": 62
                                },
                                {
                                    "value": 63
                                },
                                {
                                    "value": 64
                                },
                                {
                                    "value": 65
                                },
                                {
                                    "value": 66
                                },
                                {
                                    "value": 67
                                },
                                {
                                    "value": 68
                                },
                                {
                                    "value": 69
                                },
                                {
                                    "value": 70
                                },
                                {
                                    "value": 71
                                },
                                {
                                    "value": 72
                                },
                                {
                                    "value": 73
                                },
                                {
                                    "value": 74
                                }
                            ]
                        }
                    ]
                }
            ],
            "defaultActions": [
                {
                    "gotoAndPlay": "pandaPlay"
                }
            ]
        }
    ]
}