{"width":2048,"imagePath":"xiongmao_tex.png","height":4096,"name":"xiongmao","SubTexture":[{"frameY":-73,"y":3635,"frameWidth":500,"frameX":-18,"frameHeight":300,"width":465,"height":186,"name":"熊猫-10061","x":935},{"frameY":-15,"y":2679,"frameWidth":500,"frameX":-35,"frameHeight":300,"width":436,"height":202,"name":"熊猫-10050","x":1},{"frameY":-14,"y":418,"frameWidth":500,"frameX":-35,"frameHeight":300,"width":436,"height":203,"name":"熊猫-10044","x":931},{"frameY":-15,"y":2874,"frameWidth":500,"frameX":-35,"frameHeight":300,"width":436,"height":202,"name":"熊猫-10048","x":877},{"frameY":-14,"y":828,"frameWidth":500,"frameX":-35,"frameHeight":300,"width":436,"height":203,"name":"熊猫-10027","x":877},{"frameY":-15,"y":2670,"frameWidth":500,"frameX":-35,"frameHeight":300,"width":436,"height":202,"name":"熊猫-10057","x":877},{"frameY":-14,"y":1648,"frameWidth":500,"frameX":-35,"frameHeight":300,"width":436,"height":203,"name":"熊猫-10045","x":1315},{"frameY":-69,"y":3074,"frameWidth":500,"frameX":-18,"frameHeight":300,"width":465,"height":189,"name":"熊猫-10075","x":1},{"frameY":-14,"y":428,"frameWidth":500,"frameX":-35,"frameHeight":300,"width":436,"height":203,"name":"熊猫-10035","x":1},{"frameY":-73,"y":3648,"frameWidth":500,"frameX":-18,"frameHeight":300,"width":465,"height":186,"name":"熊猫-10062","x":468},{"frameY":-15,"y":2058,"frameWidth":500,"frameX":-35,"frameHeight":300,"width":436,"height":202,"name":"熊猫-10058","x":1315},{"frameY":-69,"y":3269,"frameWidth":500,"frameX":-18,"frameHeight":300,"width":465,"height":189,"name":"熊猫-10074","x":468},{"frameY":-69,"y":2883,"frameWidth":500,"frameX":-18,"frameHeight":300,"width":465,"height":189,"name":"熊猫-10070","x":1},{"frameY":-14,"y":1248,"frameWidth":500,"frameX":-35,"frameHeight":300,"width":436,"height":203,"name":"熊猫-10040","x":1},{"frameY":-73,"y":3635,"frameWidth":500,"frameX":-18,"frameHeight":300,"width":465,"height":186,"name":"熊猫-10063","x":1402},{"frameY":-14,"y":1443,"frameWidth":500,"frameX":-35,"frameHeight":300,"width":436,"height":203,"name":"熊猫-10033","x":1315},{"frameY":-14,"y":838,"frameWidth":500,"frameX":-35,"frameHeight":300,"width":436,"height":203,"name":"熊猫-10023","x":439},{"frameY":-14,"y":633,"frameWidth":500,"frameX":-35,"frameHeight":300,"width":436,"height":203,"name":"熊猫-10021","x":1},{"frameY":-69,"y":219,"frameWidth":500,"frameX":-18,"frameHeight":300,"width":464,"height":197,"name":"熊猫-10004","x":931},{"frameY":-14,"y":1238,"frameWidth":500,"frameX":-35,"frameHeight":300,"width":436,"height":203,"name":"熊猫-10037","x":1315},{"frameY":-15,"y":2058,"frameWidth":500,"frameX":-35,"frameHeight":300,"width":436,"height":202,"name":"熊猫-10055","x":877},{"frameY":-15,"y":2679,"frameWidth":500,"frameX":-35,"frameHeight":300,"width":436,"height":202,"name":"熊猫-10028","x":439},{"frameY":-14,"y":1248,"frameWidth":500,"frameX":-35,"frameHeight":300,"width":436,"height":203,"name":"熊猫-10031","x":439},{"frameY":-69,"y":219,"frameWidth":500,"frameX":-18,"frameHeight":300,"width":464,"height":197,"name":"熊猫-10003","x":1397},{"frameY":-69,"y":2874,"frameWidth":500,"frameX":-18,"frameHeight":300,"width":465,"height":189,"name":"熊猫-10072","x":1315},{"frameY":-15,"y":2475,"frameWidth":500,"frameX":-35,"frameHeight":300,"width":436,"height":202,"name":"熊猫-10054","x":1},{"frameY":-14,"y":1853,"frameWidth":500,"frameX":-35,"frameHeight":300,"width":436,"height":203,"name":"熊猫-10039","x":877},{"frameY":-69,"y":219,"frameWidth":500,"frameX":-19,"frameHeight":300,"width":463,"height":207,"name":"熊猫-10006","x":1},{"frameY":-69,"y":3256,"frameWidth":500,"frameX":-18,"frameHeight":300,"width":465,"height":189,"name":"熊猫-10002","x":935},{"frameY":-69,"y":3456,"frameWidth":500,"frameX":-18,"frameHeight":300,"width":465,"height":189,"name":"熊猫-10068","x":1},{"frameY":-67,"y":1,"frameWidth":500,"frameX":-19,"frameHeight":300,"width":462,"height":216,"name":"熊猫-10008","x":465},{"frameY":-14,"y":838,"frameWidth":500,"frameX":-35,"frameHeight":300,"width":436,"height":203,"name":"熊猫-10016","x":1},{"frameY":-15,"y":1863,"frameWidth":500,"frameX":-35,"frameHeight":300,"width":436,"height":202,"name":"熊猫-10030","x":439},{"frameY":-14,"y":1658,"frameWidth":500,"frameX":-35,"frameHeight":300,"width":436,"height":203,"name":"熊猫-10017","x":439},{"frameY":-67,"y":1,"frameWidth":500,"frameX":-19,"frameHeight":300,"width":462,"height":216,"name":"熊猫-10010","x":929},{"frameY":-14,"y":828,"frameWidth":500,"frameX":-35,"frameHeight":300,"width":436,"height":203,"name":"熊猫-10025","x":1315},{"frameY":-15,"y":2262,"frameWidth":500,"frameX":-35,"frameHeight":300,"width":436,"height":202,"name":"熊猫-10011","x":1315},{"frameY":-14,"y":1453,"frameWidth":500,"frameX":-35,"frameHeight":300,"width":436,"height":203,"name":"熊猫-10024","x":1},{"frameY":-73,"y":3447,"frameWidth":500,"frameX":-18,"frameHeight":300,"width":465,"height":186,"name":"熊猫-10066","x":1402},{"frameY":-69,"y":3265,"frameWidth":500,"frameX":-18,"frameHeight":300,"width":465,"height":189,"name":"熊猫-10073","x":1},{"frameY":-14,"y":633,"frameWidth":500,"frameX":-35,"frameHeight":300,"width":436,"height":203,"name":"熊猫-10026","x":439},{"frameY":-14,"y":1238,"frameWidth":500,"frameX":-35,"frameHeight":300,"width":436,"height":203,"name":"熊猫-10019","x":877},{"frameY":-15,"y":2271,"frameWidth":500,"frameX":-35,"frameHeight":300,"width":436,"height":202,"name":"熊猫-10053","x":439},{"frameY":-73,"y":3647,"frameWidth":500,"frameX":-18,"frameHeight":300,"width":465,"height":186,"name":"熊猫-10060","x":1},{"frameY":-67,"y":1,"frameWidth":500,"frameX":-19,"frameHeight":300,"width":462,"height":216,"name":"熊猫-10007","x":1393},{"frameY":-15,"y":2067,"frameWidth":500,"frameX":-35,"frameHeight":300,"width":436,"height":202,"name":"熊猫-10051","x":1},{"frameY":-15,"y":2271,"frameWidth":500,"frameX":-35,"frameHeight":300,"width":436,"height":202,"name":"熊猫-10052","x":1},{"frameY":-73,"y":3447,"frameWidth":500,"frameX":-18,"frameHeight":300,"width":465,"height":186,"name":"熊猫-10064","x":935},{"frameY":-15,"y":2475,"frameWidth":500,"frameX":-35,"frameHeight":300,"width":436,"height":202,"name":"熊猫-10049","x":439},{"frameY":-15,"y":2466,"frameWidth":500,"frameX":-35,"frameHeight":300,"width":436,"height":202,"name":"熊猫-10056","x":877},{"frameY":-14,"y":1043,"frameWidth":500,"frameX":-35,"frameHeight":300,"width":436,"height":203,"name":"熊猫-10038","x":1},{"frameY":-14,"y":1033,"frameWidth":500,"frameX":-35,"frameHeight":300,"width":436,"height":203,"name":"熊猫-10014","x":1315},{"frameY":-67,"y":1,"frameWidth":500,"frameX":-19,"frameHeight":300,"width":462,"height":216,"name":"熊猫-10009","x":1},{"frameY":-73,"y":3460,"frameWidth":500,"frameX":-18,"frameHeight":300,"width":465,"height":186,"name":"熊猫-10065","x":468},{"frameY":-15,"y":2466,"frameWidth":500,"frameX":-35,"frameHeight":300,"width":436,"height":202,"name":"熊猫-10046","x":1315},{"frameY":-14,"y":418,"frameWidth":500,"frameX":-35,"frameHeight":300,"width":436,"height":203,"name":"熊猫-10020","x":1369},{"frameY":-69,"y":3065,"frameWidth":500,"frameX":-18,"frameHeight":300,"width":465,"height":189,"name":"熊猫-10071","x":1315},{"frameY":-15,"y":2067,"frameWidth":500,"frameX":-35,"frameHeight":300,"width":436,"height":202,"name":"熊猫-10059","x":439},{"frameY":-14,"y":1853,"frameWidth":500,"frameX":-35,"frameHeight":300,"width":436,"height":203,"name":"熊猫-10034","x":1315},{"frameY":-69,"y":3256,"frameWidth":500,"frameX":-18,"frameHeight":300,"width":465,"height":189,"name":"熊猫-10069","x":1402},{"frameY":-15,"y":2670,"frameWidth":500,"frameX":-35,"frameHeight":300,"width":436,"height":202,"name":"熊猫-10047","x":1315},{"frameY":-14,"y":1033,"frameWidth":500,"frameX":-35,"frameHeight":300,"width":436,"height":203,"name":"熊猫-10043","x":877},{"frameY":-69,"y":219,"frameWidth":500,"frameX":-19,"frameHeight":300,"width":463,"height":207,"name":"熊猫-10005","x":466},{"frameY":-73,"y":3835,"frameWidth":500,"frameX":-18,"frameHeight":300,"width":465,"height":186,"name":"熊猫-10067","x":1},{"frameY":-14,"y":1648,"frameWidth":500,"frameX":-35,"frameHeight":300,"width":436,"height":203,"name":"熊猫-10041","x":877},{"frameY":-69,"y":3078,"frameWidth":500,"frameX":-18,"frameHeight":300,"width":465,"height":189,"name":"熊猫-10001","x":468},{"frameY":-14,"y":623,"frameWidth":500,"frameX":-35,"frameHeight":300,"width":436,"height":203,"name":"熊猫-10032","x":877},{"frameY":-14,"y":1658,"frameWidth":500,"frameX":-35,"frameHeight":300,"width":436,"height":203,"name":"熊猫-10042","x":1},{"frameY":-14,"y":1443,"frameWidth":500,"frameX":-35,"frameHeight":300,"width":436,"height":203,"name":"熊猫-10036","x":877},{"frameY":-14,"y":1043,"frameWidth":500,"frameX":-35,"frameHeight":300,"width":436,"height":203,"name":"熊猫-10018","x":439},{"frameY":-15,"y":1863,"frameWidth":500,"frameX":-35,"frameHeight":300,"width":436,"height":202,"name":"熊猫-10012","x":1},{"frameY":-15,"y":2262,"frameWidth":500,"frameX":-35,"frameHeight":300,"width":436,"height":202,"name":"熊猫-10029","x":877},{"frameY":-14,"y":623,"frameWidth":500,"frameX":-35,"frameHeight":300,"width":436,"height":203,"name":"熊猫-10013","x":1315},{"frameY":-14,"y":428,"frameWidth":500,"frameX":-35,"frameHeight":300,"width":436,"height":203,"name":"熊猫-10022","x":439},{"frameY":-14,"y":1453,"frameWidth":500,"frameX":-35,"frameHeight":300,"width":436,"height":203,"name":"熊猫-10015","x":439}]}