{"width":4096,"imagePath":"yanhua01_tex.png","height":4096,"name":"yanhua01","SubTexture":[{"y":3347,"frameX":-163,"frameHeight":485,"frameY":-41,"width":642,"frameWidth":872,"height":321,"name":"08","x":670},{"y":1,"frameX":-87,"frameHeight":485,"frameY":-11,"width":773,"frameWidth":872,"height":400,"name":"32","x":1},{"y":3341,"frameX":-93,"frameHeight":485,"frameY":-96,"width":610,"frameWidth":872,"height":310,"name":"51","x":1950},{"y":3680,"frameX":-163,"frameHeight":485,"frameY":-40,"width":642,"frameWidth":872,"height":322,"name":"09","x":666},{"y":403,"frameX":-62,"frameHeight":485,"frameY":-5,"width":743,"frameWidth":872,"height":381,"name":"41","x":1},{"y":787,"frameX":-109,"frameHeight":485,"frameY":-21,"width":713,"frameWidth":872,"height":376,"name":"46","x":2272},{"y":2995,"frameX":-148,"frameHeight":485,"frameY":-18,"width":664,"frameWidth":872,"height":350,"name":"14","x":674},{"y":3942,"frameX":-275,"frameHeight":485,"frameY":-97,"width":402,"frameWidth":872,"height":121,"name":"54","x":2540},{"y":3680,"frameX":-151,"frameHeight":485,"frameY":-28,"width":663,"frameWidth":872,"height":341,"name":"11","x":1},{"y":3321,"frameX":-283,"frameHeight":485,"frameY":-59,"width":422,"frameWidth":872,"height":252,"name":"02","x":2901},{"y":1,"frameX":-96,"frameHeight":485,"frameY":-21,"width":750,"frameWidth":872,"height":373,"name":"27","x":3056},{"y":1884,"frameX":-83,"frameHeight":485,"frameY":-6,"width":712,"frameWidth":872,"height":371,"name":"33","x":2195},{"y":2257,"frameX":-112,"frameHeight":485,"frameY":-26,"width":704,"frameWidth":872,"height":368,"name":"45","x":2195},{"y":2649,"frameX":-142,"frameHeight":485,"frameY":-4,"width":681,"frameWidth":872,"height":376,"name":"18","x":1438},{"y":1900,"frameX":-71,"frameHeight":485,"frameY":-11,"width":728,"frameWidth":872,"height":363,"name":"38","x":1},{"y":1509,"frameX":-79,"frameHeight":485,"frameY":-2,"width":718,"frameWidth":872,"height":373,"name":"35","x":1501},{"y":1890,"frameX":-133,"frameHeight":485,"frameY":0,"width":699,"frameWidth":872,"height":380,"name":"21","x":737},{"y":1165,"frameX":-102,"frameHeight":485,"frameY":-28,"width":737,"frameWidth":872,"height":359,"name":"24","x":2977},{"y":3670,"frameX":-167,"frameHeight":485,"frameY":-43,"width":639,"frameWidth":872,"height":315,"name":"07","x":1310},{"y":389,"frameX":-94,"frameHeight":485,"frameY":-17,"width":760,"frameWidth":872,"height":381,"name":"29","x":1547},{"y":1548,"frameX":-159,"frameHeight":485,"frameY":-45,"width":651,"frameWidth":872,"height":322,"name":"10","x":2221},{"y":2271,"frameX":-142,"frameHeight":485,"frameY":-4,"width":681,"frameWidth":872,"height":376,"name":"19","x":1438},{"y":1534,"frameX":-57,"frameHeight":485,"frameY":-35,"width":751,"frameWidth":872,"height":354,"name":"42","x":737},{"y":786,"frameX":-96,"frameHeight":485,"frameY":-21,"width":750,"frameWidth":872,"height":373,"name":"28","x":1},{"y":1,"frameX":-95,"frameHeight":485,"frameY":-8,"width":741,"frameWidth":872,"height":397,"name":"50","x":2313},{"y":3653,"frameX":-90,"frameHeight":485,"frameY":-96,"width":587,"frameWidth":872,"height":313,"name":"53","x":1951},{"y":1138,"frameX":-98,"frameHeight":485,"frameY":-24,"width":747,"frameWidth":872,"height":369,"name":"26","x":1509},{"y":3333,"frameX":-149,"frameHeight":485,"frameY":-24,"width":667,"frameWidth":872,"height":345,"name":"12","x":1},{"y":3027,"frameX":-261,"frameHeight":485,"frameY":-49,"width":542,"frameWidth":872,"height":298,"name":"05","x":1952},{"y":1172,"frameX":-55,"frameHeight":485,"frameY":-31,"width":757,"frameWidth":872,"height":360,"name":"43","x":742},{"y":2983,"frameX":-147,"frameHeight":485,"frameY":-21,"width":671,"frameWidth":872,"height":348,"name":"13","x":1},{"y":1165,"frameX":-131,"frameHeight":485,"frameY":0,"width":703,"frameWidth":872,"height":381,"name":"22","x":2272},{"y":772,"frameX":-53,"frameHeight":485,"frameY":-28,"width":761,"frameWidth":872,"height":364,"name":"44","x":1509},{"y":376,"frameX":-105,"frameHeight":485,"frameY":0,"width":730,"frameWidth":872,"height":383,"name":"23","x":3056},{"y":3027,"frameX":-268,"frameHeight":485,"frameY":-54,"width":531,"frameWidth":872,"height":292,"name":"04","x":2496},{"y":400,"frameX":-101,"frameHeight":485,"frameY":-13,"width":731,"frameWidth":872,"height":389,"name":"49","x":776},{"y":3575,"frameX":-286,"frameHeight":485,"frameY":-62,"width":414,"frameWidth":872,"height":245,"name":"01","x":3067},{"y":2265,"frameX":-71,"frameHeight":485,"frameY":-11,"width":728,"frameWidth":872,"height":363,"name":"37","x":1},{"y":1,"frameX":-92,"frameHeight":485,"frameY":-14,"width":764,"frameWidth":872,"height":386,"name":"30","x":1547},{"y":2638,"frameX":-142,"frameHeight":485,"frameY":-14,"width":674,"frameWidth":872,"height":355,"name":"16","x":731},{"y":1898,"frameX":-73,"frameHeight":485,"frameY":-13,"width":729,"frameWidth":872,"height":360,"name":"36","x":2909},{"y":1884,"frameX":-134,"frameHeight":485,"frameY":0,"width":692,"frameWidth":872,"height":385,"name":"20","x":1501},{"y":1161,"frameX":-64,"frameHeight":485,"frameY":-7,"width":739,"frameWidth":872,"height":369,"name":"40","x":1},{"y":1,"frameX":-89,"frameHeight":485,"frameY":-11,"width":769,"frameWidth":872,"height":391,"name":"31","x":776},{"y":1526,"frameX":-81,"frameHeight":485,"frameY":-4,"width":714,"frameWidth":872,"height":370,"name":"34","x":2977},{"y":1532,"frameX":-66,"frameHeight":485,"frameY":-9,"width":734,"frameWidth":872,"height":366,"name":"39","x":1},{"y":3653,"frameX":-272,"frameHeight":485,"frameY":-57,"width":525,"frameWidth":872,"height":287,"name":"03","x":2540},{"y":3347,"frameX":-170,"frameHeight":485,"frameY":-46,"width":634,"frameWidth":872,"height":309,"name":"06","x":1314},{"y":400,"frameX":-103,"frameHeight":485,"frameY":-15,"width":726,"frameWidth":872,"height":385,"name":"48","x":2309},{"y":2272,"frameX":-144,"frameHeight":485,"frameY":-7,"width":673,"frameWidth":872,"height":364,"name":"17","x":731},{"y":2630,"frameX":-145,"frameHeight":485,"frameY":-17,"width":670,"frameWidth":872,"height":351,"name":"15","x":1},{"y":761,"frameX":-100,"frameHeight":485,"frameY":-25,"width":743,"frameWidth":872,"height":366,"name":"25","x":3037},{"y":791,"frameX":-104,"frameHeight":485,"frameY":-19,"width":720,"frameWidth":872,"height":379,"name":"47","x":753},{"y":3027,"frameX":-91,"frameHeight":485,"frameY":-96,"width":610,"frameWidth":872,"height":312,"name":"52","x":1340}]}