{"width":256,"SubTexture":[{"width":152,"y":1,"height":152,"name":"jiezoudashi_01_1","x":1},{"frameWidth":152,"y":155,"frameHeight":152,"width":74,"frameX":-20,"height":68,"name":"jiezoudashi_01_3","frameY":-18,"x":110},{"frameWidth":152,"y":155,"frameHeight":152,"width":107,"frameX":-20,"height":86,"name":"jiezoudashi_01_4","frameY":-35,"x":1},{"frameWidth":152,"y":155,"frameHeight":152,"width":67,"frameX":-43,"height":67,"name":"jiezoudashi_01_2","frameY":-43,"x":186}],"height":256,"name":"changpian","imagePath":"changpian_tex.png"}