{"frameRate":24,"name":"changpian","version":"5.5","compatibleVersion":"5.5","armature":[{"type":"Armature","frameRate":24,"name":"changpian","aabb":{"x":-0.36,"y":-0.04,"width":152.91,"height":152.47},"bone":[{"name":"root"},{"length":76,"name":"jiezoudashi_01_1","parent":"root","transform":{"x":76.42,"y":76.16,"skX":-90,"skY":-90}}],"slot":[{"name":"jiezoudashi_01_1","parent":"jiezoudashi_01_1"},{"name":"jiezoudashi_01_3","parent":"root"},{"name":"jiezoudashi_01_4","parent":"root"},{"name":"jiezoudashi_01_2","parent":"jiezoudashi_01_1"}],"skin":[{"slot":[{"name":"jiezoudashi_01_3","display":[{"name":"jiezoudashi_01_3","transform":{"x":75.68,"y":76.44}}]},{"name":"jiezoudashi_01_2","display":[{"name":"jiezoudashi_01_2","transform":{"x":0.2,"y":0.13,"skX":90,"skY":90}}]},{"name":"jiezoudashi_01_1","display":[{"name":"jiezoudashi_01_1","transform":{"x":0.01,"y":0.11,"skX":89.33,"skY":89.33}}]},{"name":"jiezoudashi_01_4","display":[{"name":"jiezoudashi_01_4","transform":{"x":75.64,"y":76.36}}]}]}],"animation":[{"duration":25,"playTimes":0,"name":"changpian","bone":[{"name":"jiezoudashi_01_1","rotateFrame":[{"duration":25,"tweenEasing":0,"clockwise":2},{"duration":0}]}]}],"defaultActions":[{"gotoAndPlay":"changpian"}]}]}