{"SubTexture":[{"frameX":-168,"frameHeight":1080,"y":979,"frameY":-668,"frameWidth":600,"width":263,"height":133,"name":"节奏大师结束2 改0024","x":1711},{"frameX":-339,"frameHeight":1080,"y":1951,"frameY":-298,"frameWidth":600,"width":170,"height":84,"name":"节奏大师结束2 改0012","x":1115},{"frameX":-17,"frameHeight":1080,"y":1083,"frameY":-705,"frameWidth":600,"width":457,"height":375,"name":"节奏大师结束2 改0034","x":1},{"frameX":-118,"frameHeight":1080,"y":1083,"frameY":-821,"frameWidth":600,"width":218,"height":243,"name":"节奏大师结束2 改0038","x":839},{"frameX":-382,"frameHeight":1080,"y":1855,"frameY":-204,"frameWidth":600,"width":146,"height":73,"name":"节奏大师结束2 改0009","x":1280},{"frameX":-467,"frameHeight":1080,"y":56,"frameY":-18,"frameWidth":600,"width":100,"height":50,"name":"节奏大师结束2 改0003","x":1940},{"frameX":-182,"frameHeight":1080,"y":1114,"frameY":-639,"frameWidth":600,"width":256,"height":127,"name":"节奏大师结束2 改0023","x":1711},{"frameX":-396,"frameHeight":1080,"y":1976,"frameY":-173,"frameWidth":600,"width":139,"height":69,"name":"节奏大师结束2 改0008","x":725},{"frameX":-124,"frameHeight":1080,"y":1673,"frameY":-801,"frameWidth":600,"width":246,"height":263,"name":"节奏大师结束2 改0031","x":1},{"frameX":-139,"frameHeight":1080,"y":496,"frameY":-732,"frameWidth":600,"width":280,"height":138,"name":"节奏大师结束2 改0026","x":1715},{"frameX":-96,"frameHeight":1080,"y":825,"frameY":-823,"frameWidth":600,"width":303,"height":152,"name":"节奏大师结束2 改0029","x":1711},{"frameX":-211,"frameHeight":1080,"y":1882,"frameY":-575,"frameWidth":600,"width":240,"height":121,"name":"节奏大师结束2 改0021","x":249},{"frameX":-154,"frameHeight":1080,"y":636,"frameY":-699,"frameWidth":600,"width":271,"height":137,"name":"节奏大师结束2 改0025","x":1715},{"frameX":-115,"frameHeight":1080,"y":1,"frameY":-822,"frameWidth":600,"width":223,"height":197,"name":"节奏大师结束2 改0039","x":1715},{"frameX":-267,"frameHeight":1080,"y":1871,"frameY":-453,"frameWidth":600,"width":209,"height":103,"name":"节奏大师结束2 改0017","x":725},{"frameX":-82,"frameHeight":1080,"y":1460,"frameY":-828,"frameWidth":600,"width":311,"height":211,"name":"节奏大师结束2 改0030","x":1},{"frameX":-239,"frameHeight":1080,"y":1757,"frameY":-514,"frameWidth":600,"width":225,"height":112,"name":"节奏大师结束2 改0019","x":499},{"frameX":-453,"frameHeight":1080,"y":1,"frameY":-50,"frameWidth":600,"width":107,"height":53,"name":"节奏大师结束2 改0004","x":1940},{"frameX":-424,"frameHeight":1080,"y":1527,"frameY":-111,"frameWidth":600,"width":123,"height":61,"name":"节奏大师结束2 改0006","x":314},{"frameX":0,"frameHeight":1080,"y":413,"frameY":-670,"frameWidth":600,"width":508,"height":410,"name":"节奏大师结束2 改0036","x":1205},{"frameX":0,"frameHeight":1080,"y":1,"frameY":-670,"frameWidth":600,"width":508,"height":410,"name":"节奏大师结束2 改0035","x":1205},{"width":600,"y":1,"height":1080,"name":"节奏大师结束2 改0001","x":1},{"frameX":-111,"frameHeight":1080,"y":200,"frameY":-793,"frameWidth":600,"width":295,"height":148,"name":"节奏大师结束2 改0028","x":1715},{"frameX":-482,"frameHeight":1080,"y":108,"frameY":0,"frameWidth":600,"width":91,"height":33,"name":"节奏大师结束2 改0002","x":1940},{"frameX":-296,"frameHeight":1080,"y":1757,"frameY":-390,"frameWidth":600,"width":193,"height":96,"name":"节奏大师结束2 改0015","x":929},{"width":600,"y":1,"height":1080,"name":"节奏大师结束2 改0040","x":603},{"frameX":-253,"frameHeight":1080,"y":1938,"frameY":-484,"frameWidth":600,"width":217,"height":107,"name":"节奏大师结束2 改0018","x":1},{"frameX":0,"frameHeight":1080,"y":825,"frameY":-704,"frameWidth":600,"width":504,"height":376,"name":"节奏大师结束2 改0037","x":1205},{"frameX":-196,"frameHeight":1080,"y":1757,"frameY":-608,"frameWidth":600,"width":248,"height":123,"name":"节奏大师结束2 改0022","x":249},{"frameX":-57,"frameHeight":1080,"y":1083,"frameY":-745,"frameWidth":600,"width":377,"height":335,"name":"节奏大师结束2 改0033","x":460},{"frameX":-311,"frameHeight":1080,"y":1855,"frameY":-358,"frameWidth":600,"width":185,"height":94,"name":"节奏大师结束2 改0014","x":936},{"frameX":-367,"frameHeight":1080,"y":1855,"frameY":-235,"frameWidth":600,"width":155,"height":77,"name":"节奏大师结束2 改0010","x":1123},{"frameX":-353,"frameHeight":1080,"y":1673,"frameY":-266,"frameWidth":600,"width":162,"height":81,"name":"节奏大师结束2 改0011","x":249},{"frameX":-225,"frameHeight":1080,"y":1882,"frameY":-546,"frameWidth":600,"width":232,"height":115,"name":"节奏大师结束2 改0020","x":491},{"frameX":-325,"frameHeight":1080,"y":1951,"frameY":-329,"frameWidth":600,"width":177,"height":88,"name":"节奏大师结束2 改0013","x":936},{"frameX":-282,"frameHeight":1080,"y":1757,"frameY":-421,"frameWidth":600,"width":201,"height":101,"name":"节奏大师结束2 改0016","x":726},{"frameX":-439,"frameHeight":1080,"y":1590,"frameY":-80,"frameWidth":600,"width":115,"height":58,"name":"节奏大师结束2 改0005","x":314},{"frameX":-410,"frameHeight":1080,"y":1460,"frameY":-142,"frameWidth":600,"width":131,"height":65,"name":"节奏大师结束2 改0007","x":314},{"frameX":-125,"frameHeight":1080,"y":350,"frameY":-761,"frameWidth":600,"width":287,"height":144,"name":"节奏大师结束2 改0027","x":1715},{"frameX":-57,"frameHeight":1080,"y":1420,"frameY":-745,"frameWidth":600,"width":377,"height":335,"name":"节奏大师结束2 改0032","x":460}],"width":2048,"height":2048,"name":"jiezou2","imagePath":"jiezou2_tex.png"}