{"frameRate":24,"name":"jiezou3","version":"5.5","compatibleVersion":"5.5","armature":[{"type":"Sheet","frameRate":24,"name":"jiezou3","aabb":{"x":561.19,"y":0.14,"width":500,"height":1080},"bone":[{"name":"root"}],"slot":[{"displayIndex":19,"name":"sheetSlot","parent":"root"}],"skin":[{"slot":[{"name":"sheetSlot","display":[{"name":"节奏大师结束2 改0001","transform":{"x":811.19,"y":540.14}},{"name":"节奏大师结束2 改0002","transform":{"x":811.19,"y":540.14}},{"name":"节奏大师结束2 改0003","transform":{"x":811.19,"y":540.14}},{"name":"节奏大师结束2 改0004","transform":{"x":811.19,"y":540.14}},{"name":"节奏大师结束2 改0005","transform":{"x":811.19,"y":540.14}},{"name":"节奏大师结束2 改0006","transform":{"x":811.19,"y":540.14}},{"name":"节奏大师结束2 改0007","transform":{"x":811.19,"y":540.14}},{"name":"节奏大师结束2 改0008","transform":{"x":811.19,"y":540.14}},{"name":"节奏大师结束2 改0009","transform":{"x":811.19,"y":540.14}},{"name":"节奏大师结束2 改0010","transform":{"x":811.19,"y":540.14}},{"name":"节奏大师结束2 改0011","transform":{"x":811.19,"y":540.14}},{"name":"节奏大师结束2 改0012","transform":{"x":811.19,"y":540.14}},{"name":"节奏大师结束2 改0013","transform":{"x":811.19,"y":540.14}},{"name":"节奏大师结束2 改0014","transform":{"x":811.19,"y":540.14}},{"name":"节奏大师结束2 改0015","transform":{"x":811.19,"y":540.14}},{"name":"节奏大师结束2 改0016","transform":{"x":811.19,"y":540.14}},{"name":"节奏大师结束2 改0017","transform":{"x":811.19,"y":540.14}},{"name":"节奏大师结束2 改0018","transform":{"x":811.19,"y":540.14}},{"name":"节奏大师结束2 改0019","transform":{"x":811.19,"y":540.14}},{"name":"节奏大师结束2 改0020","transform":{"x":811.19,"y":540.14}},{"name":"节奏大师结束2 改0021","transform":{"x":811.19,"y":540.14}},{"name":"节奏大师结束2 改0022","transform":{"x":811.19,"y":540.14}},{"name":"节奏大师结束2 改0023","transform":{"x":811.19,"y":540.14}},{"name":"节奏大师结束2 改0024","transform":{"x":811.19,"y":540.14}},{"name":"节奏大师结束2 改0025","transform":{"x":811.19,"y":540.14}},{"name":"节奏大师结束2 改0026","transform":{"x":811.19,"y":540.14}},{"name":"节奏大师结束2 改0027","transform":{"x":811.19,"y":540.14}},{"name":"节奏大师结束2 改0028","transform":{"x":811.19,"y":540.14}},{"name":"节奏大师结束2 改0029","transform":{"x":811.19,"y":540.14}},{"name":"节奏大师结束2 改0030","transform":{"x":811.19,"y":540.14}},{"name":"节奏大师结束2 改0031","transform":{"x":811.19,"y":540.14}},{"name":"节奏大师结束2 改0032","transform":{"x":811.19,"y":540.14}},{"name":"节奏大师结束2 改0033","transform":{"x":811.19,"y":540.14}},{"name":"节奏大师结束2 改0034","transform":{"x":811.19,"y":540.14}},{"name":"节奏大师结束2 改0035","transform":{"x":811.19,"y":540.14}},{"name":"节奏大师结束2 改0036","transform":{"x":811.19,"y":540.14}},{"name":"节奏大师结束2 改0037","transform":{"x":811.19,"y":540.14}},{"name":"节奏大师结束2 改0038","transform":{"x":811.19,"y":540.14}},{"name":"节奏大师结束2 改0039","transform":{"x":811.19,"y":540.14}},{"name":"节奏大师结束2 改0040","transform":{"x":811.19,"y":540.14}},{"name":"节奏大师结束2 改0041","transform":{"x":811.19,"y":540.14}},{"name":"节奏大师结束2 改0042","transform":{"x":811.19,"y":540.14}},{"name":"节奏大师结束2 改0043","transform":{"x":811.19,"y":540.14}},{"name":"节奏大师结束2 改0044","transform":{"x":811.19,"y":540.14}},{"name":"节奏大师结束2 改0045","transform":{"x":811.19,"y":540.14}},{"name":"节奏大师结束2 改0046","transform":{"x":811.19,"y":540.14}},{"name":"节奏大师结束2 改0047","transform":{"x":811.19,"y":540.14}},{"name":"节奏大师结束2 改0048","transform":{"x":811.19,"y":540.14}},{"name":"节奏大师结束2 改0049","transform":{"x":811.19,"y":540.14}},{"name":"节奏大师结束2 改0050","transform":{"x":811.19,"y":540.14}}]}]}],"animation":[{"duration":50,"playTimes":0,"name":"jiezou3","slot":[{"name":"sheetSlot","displayFrame":[{},{"value":1},{"value":2},{"value":3},{"value":4},{"value":5},{"value":6},{"value":7},{"value":8},{"value":9},{"value":10},{"value":11},{"value":12},{"value":13},{"value":14},{"value":15},{"value":16},{"value":17},{"value":18},{"value":19},{"value":20},{"value":21},{"value":22},{"value":23},{"value":24},{"value":25},{"value":26},{"value":27},{"value":28},{"value":29},{"value":30},{"value":31},{"value":32},{"value":33},{"value":34},{"value":35},{"value":36},{"value":37},{"value":38},{"value":39},{"value":40},{"value":41},{"value":42},{"value":43},{"value":44},{"value":45},{"value":46},{"value":47},{"value":48},{"value":49}]}]}],"defaultActions":[{"gotoAndPlay":"jiezou3"}]}]}