{"SubTexture":[{"frameX":-187,"frameHeight":1080,"y":1769,"frameY":-685,"frameWidth":650,"width":267,"height":134,"name":"节奏大师结束2 改0031","x":1},{"frameX":-166,"frameHeight":1080,"y":1769,"frameY":-587,"frameWidth":650,"width":243,"height":122,"name":"节奏大师结束2 改0027","x":533},{"frameX":-126,"frameHeight":1080,"y":413,"frameY":-394,"frameWidth":650,"width":192,"height":96,"name":"节奏大师结束2 改0019","x":1840},{"frameX":-182,"frameHeight":1080,"y":1769,"frameY":-660,"frameWidth":650,"width":261,"height":131,"name":"节奏大师结束2 改0030","x":270},{"frameX":-106,"frameHeight":1080,"y":1661,"frameY":-297,"frameWidth":650,"width":167,"height":83,"name":"节奏大师结束2 改0015","x":1248},{"frameX":-121,"frameHeight":1080,"y":511,"frameY":-369,"frameWidth":650,"width":186,"height":93,"name":"节奏大师结束2 改0018","x":1840},{"frameX":-212,"frameHeight":1080,"y":1468,"frameY":-806,"frameWidth":650,"width":298,"height":149,"name":"节奏大师结束2 改0036","x":1745},{"width":650,"y":1,"height":1080,"name":"节奏大师结束2 改0001","x":653},{"frameX":-197,"frameHeight":1080,"y":1767,"frameY":-733,"frameWidth":650,"width":279,"height":140,"name":"节奏大师结束2 改0033","x":1727},{"frameX":-171,"frameHeight":1080,"y":1909,"frameY":-612,"frameWidth":650,"width":249,"height":124,"name":"节奏大师结束2 改0028","x":533},{"frameX":-65,"frameHeight":1080,"y":1402,"frameY":-103,"frameWidth":650,"width":118,"height":58,"name":"节奏大师结束2 改0007","x":1781},{"frameX":-80,"frameHeight":1080,"y":231,"frameY":-175,"frameWidth":650,"width":137,"height":69,"name":"节奏大师结束2 改0010","x":1847},{"frameX":-258,"frameHeight":1080,"y":1416,"frameY":-821,"frameWidth":650,"width":218,"height":243,"name":"节奏大师结束2 改0046","x":1219},{"frameX":-255,"frameHeight":1080,"y":1203,"frameY":-822,"frameWidth":650,"width":222,"height":197,"name":"节奏大师结束2 改0047","x":1781},{"frameX":-50,"frameHeight":1080,"y":1769,"frameY":-29,"frameWidth":650,"width":99,"height":50,"name":"节奏大师结束2 改0004","x":1519},{"width":650,"y":1,"height":1080,"name":"节奏大师结束2 改0048","x":1},{"frameX":-90,"frameHeight":1080,"y":81,"frameY":-223,"frameWidth":650,"width":149,"height":75,"name":"节奏大师结束2 改0012","x":1847},{"frameX":-196,"frameHeight":1080,"y":1083,"frameY":-745,"frameWidth":650,"width":378,"height":335,"name":"节奏大师结束2 改0040","x":459},{"frameX":-42,"frameHeight":1080,"y":1416,"frameY":0,"frameWidth":650,"width":85,"height":24,"name":"节奏大师结束2 改0002","x":1439},{"frameX":-114,"frameHeight":1080,"y":413,"frameY":-670,"frameWidth":650,"width":533,"height":410,"name":"节奏大师结束2 改0043","x":1305},{"frameX":-96,"frameHeight":1080,"y":1,"frameY":-248,"frameWidth":650,"width":155,"height":78,"name":"节奏大师结束2 改0013","x":1847},{"frameX":-176,"frameHeight":1080,"y":1902,"frameY":-636,"frameWidth":650,"width":255,"height":128,"name":"节奏大师结束2 改0029","x":276},{"frameX":-263,"frameHeight":1080,"y":1203,"frameY":-801,"frameWidth":650,"width":247,"height":263,"name":"节奏大师结束2 改0039","x":1532},{"frameX":-108,"frameHeight":1080,"y":1,"frameY":-670,"frameWidth":650,"width":540,"height":410,"name":"节奏大师结束2 改0044","x":1305},{"frameX":-196,"frameHeight":1080,"y":1083,"frameY":-745,"frameWidth":650,"width":378,"height":335,"name":"节奏大师结束2 改0041","x":839},{"frameX":-45,"frameHeight":1080,"y":1138,"frameY":-6,"frameWidth":650,"width":93,"height":46,"name":"节奏大师结束2 改0003","x":1954},{"frameX":-55,"frameHeight":1080,"y":1769,"frameY":-54,"frameWidth":650,"width":105,"height":53,"name":"节奏大师结束2 改0005","x":1412},{"frameX":-75,"frameHeight":1080,"y":302,"frameY":-151,"frameWidth":650,"width":131,"height":65,"name":"节奏大师结束2 改0009","x":1847},{"frameX":-131,"frameHeight":1080,"y":1037,"frameY":-418,"frameWidth":650,"width":199,"height":99,"name":"节奏大师结束2 改0020","x":1828},{"frameX":-123,"frameHeight":1080,"y":825,"frameY":-704,"frameWidth":650,"width":521,"height":376,"name":"节奏大师结束2 改0045","x":1305},{"frameX":-151,"frameHeight":1080,"y":1778,"frameY":-515,"frameWidth":650,"width":224,"height":112,"name":"节奏大师结束2 改0024","x":1016},{"frameX":-141,"frameHeight":1080,"y":825,"frameY":-466,"frameWidth":650,"width":211,"height":106,"name":"节奏大师结束2 改0022","x":1828},{"frameX":-157,"frameHeight":1080,"y":1083,"frameY":-705,"frameWidth":650,"width":456,"height":375,"name":"节奏大师结束2 改0042","x":1},{"frameX":-111,"frameHeight":1080,"y":697,"frameY":-322,"frameWidth":650,"width":174,"height":86,"name":"节奏大师结束2 改0016","x":1840},{"frameX":-146,"frameHeight":1080,"y":1890,"frameY":-490,"frameWidth":650,"width":218,"height":109,"name":"节奏大师结束2 改0023","x":784},{"frameX":-217,"frameHeight":1080,"y":1468,"frameY":-830,"frameWidth":650,"width":304,"height":153,"name":"节奏大师结束2 改0037","x":1439},{"frameX":-70,"frameHeight":1080,"y":1138,"frameY":-126,"frameWidth":650,"width":124,"height":63,"name":"节奏大师结束2 改0008","x":1828},{"frameX":-207,"frameHeight":1080,"y":1619,"frameY":-782,"frameWidth":650,"width":292,"height":146,"name":"节奏大师结束2 改0035","x":1745},{"frameX":-192,"frameHeight":1080,"y":1909,"frameY":-709,"frameWidth":650,"width":273,"height":137,"name":"节奏大师结束2 改0032","x":1},{"frameX":-100,"frameHeight":1080,"y":1746,"frameY":-272,"frameWidth":650,"width":162,"height":81,"name":"节奏大师结束2 改0014","x":1248},{"frameX":-136,"frameHeight":1080,"y":933,"frameY":-443,"frameWidth":650,"width":205,"height":102,"name":"节奏大师结束2 改0021","x":1828},{"frameX":-85,"frameHeight":1080,"y":158,"frameY":-200,"frameWidth":650,"width":143,"height":71,"name":"节奏大师结束2 改0011","x":1847},{"frameX":-222,"frameHeight":1080,"y":1203,"frameY":-828,"frameWidth":650,"width":311,"height":211,"name":"节奏大师结束2 改0038","x":1219},{"frameX":-60,"frameHeight":1080,"y":1402,"frameY":-78,"frameWidth":650,"width":112,"height":56,"name":"节奏大师结束2 改0006","x":1901},{"frameX":-156,"frameHeight":1080,"y":1661,"frameY":-539,"frameWidth":650,"width":230,"height":115,"name":"节奏大师结束2 改0025","x":1016},{"frameX":-202,"frameHeight":1080,"y":1623,"frameY":-757,"frameWidth":650,"width":286,"height":144,"name":"节奏大师结束2 改0034","x":1439},{"frameX":-116,"frameHeight":1080,"y":606,"frameY":-346,"frameWidth":650,"width":180,"height":89,"name":"节奏大师结束2 改0017","x":1840},{"frameX":-161,"frameHeight":1080,"y":1769,"frameY":-563,"frameWidth":650,"width":236,"height":119,"name":"节奏大师结束2 改0026","x":778}],"width":2048,"height":2048,"name":"jiezou5","imagePath":"jiezou5_tex.png"}