{"SubTexture":[{"frameX":-134,"frameHeight":1080,"y":1470,"frameY":-365,"frameWidth":550,"width":172,"height":92,"name":"节奏大师结束2 改0011","x":434},{"frameX":-93,"frameHeight":1080,"y":413,"frameY":-745,"frameWidth":550,"width":378,"height":335,"name":"节奏大师结束2 改0025","x":1640},{"frameX":-134,"frameHeight":1080,"y":1560,"frameY":-324,"frameWidth":550,"width":163,"height":87,"name":"节奏大师结束2 改0010","x":251},{"frameX":-160,"frameHeight":1080,"y":1,"frameY":-801,"frameWidth":550,"width":246,"height":263,"name":"节奏大师结束2 改0024","x":1646},{"frameX":-132,"frameHeight":1080,"y":1328,"frameY":-732,"frameWidth":550,"width":258,"height":140,"name":"节奏大师结束2 改0020","x":459},{"frameX":-20,"frameHeight":1080,"y":825,"frameY":-704,"frameWidth":550,"width":521,"height":376,"name":"节奏大师结束2 改0030","x":1105},{"frameX":-136,"frameHeight":1080,"y":302,"frameY":-79,"frameWidth":550,"width":105,"height":56,"name":"节奏大师结束2 改0004","x":1916},{"frameX":-136,"frameHeight":1080,"y":238,"frameY":-119,"frameWidth":550,"width":114,"height":62,"name":"节奏大师结束2 改0005","x":1916},{"frameX":-133,"frameHeight":1080,"y":1354,"frameY":-569,"frameWidth":550,"width":219,"height":119,"name":"节奏大师结束2 改0016","x":719},{"frameX":-131,"frameHeight":1080,"y":1162,"frameY":-828,"frameWidth":550,"width":286,"height":211,"name":"节奏大师结束2 改0023","x":1628},{"frameX":-132,"frameHeight":1080,"y":1460,"frameY":-691,"frameWidth":550,"width":248,"height":134,"name":"节奏大师结束2 改0019","x":1},{"frameX":-133,"frameHeight":1080,"y":1334,"frameY":-528,"frameWidth":550,"width":210,"height":114,"name":"节奏大师结束2 改0015","x":1414},{"frameX":-93,"frameHeight":1080,"y":825,"frameY":-745,"frameWidth":550,"width":378,"height":335,"name":"节奏大师结束2 改0026","x":1628},{"frameX":-131,"frameHeight":1080,"y":1203,"frameY":-814,"frameWidth":550,"width":277,"height":149,"name":"节奏大师结束2 改0022","x":903},{"frameX":-132,"frameHeight":1080,"y":1334,"frameY":-610,"frameWidth":550,"width":230,"height":123,"name":"节奏大师结束2 改0017","x":1182},{"frameX":-131,"frameHeight":1080,"y":266,"frameY":-773,"frameWidth":550,"width":268,"height":145,"name":"节奏大师结束2 改0021","x":1646},{"frameX":-5,"frameHeight":1080,"y":1,"frameY":-670,"frameWidth":550,"width":539,"height":410,"name":"节奏大师结束2 改0029","x":1105},{"frameX":-133,"frameHeight":1080,"y":1203,"frameY":-487,"frameWidth":550,"width":201,"height":108,"name":"节奏大师结束2 改0014","x":1423},{"frameX":-135,"frameHeight":1080,"y":164,"frameY":-201,"frameWidth":550,"width":134,"height":72,"name":"节奏大师结束2 改0007","x":1894},{"frameX":-54,"frameHeight":1080,"y":1083,"frameY":-705,"frameWidth":550,"width":456,"height":375,"name":"节奏大师结束2 改0027","x":1},{"frameX":-137,"frameHeight":1080,"y":750,"frameY":0,"frameWidth":550,"width":85,"height":43,"name":"节奏大师结束2 改0002","x":1640},{"frameX":-135,"frameHeight":1080,"y":1,"frameY":-283,"frameWidth":550,"width":152,"height":82,"name":"节奏大师结束2 改0009","x":1894},{"frameX":-134,"frameHeight":1080,"y":1083,"frameY":-446,"frameWidth":550,"width":191,"height":103,"name":"节奏大师结束2 改0013","x":903},{"frameX":-136,"frameHeight":1080,"y":360,"frameY":-38,"frameWidth":550,"width":95,"height":51,"name":"节奏大师结束2 改0003","x":1916},{"frameX":-11,"frameHeight":1080,"y":413,"frameY":-670,"frameWidth":550,"width":533,"height":410,"name":"节奏大师结束2 改0028","x":1105},{"frameX":-155,"frameHeight":1080,"y":1083,"frameY":-821,"frameWidth":550,"width":218,"height":243,"name":"节奏大师结束2 改0031","x":459},{"frameX":-132,"frameHeight":1080,"y":1203,"frameY":-651,"frameWidth":550,"width":239,"height":129,"name":"节奏大师结束2 改0018","x":1182},{"frameX":-134,"frameHeight":1080,"y":1460,"frameY":-405,"frameWidth":550,"width":181,"height":98,"name":"节奏大师结束2 改0012","x":251},{"frameX":-136,"frameHeight":1080,"y":1282,"frameY":-160,"frameWidth":550,"width":123,"height":67,"name":"节奏大师结束2 改0006","x":719},{"width":550,"y":1,"height":1080,"name":"节奏大师结束2 改0001","x":1},{"width":550,"y":1,"height":1080,"name":"节奏大师结束2 改0033","x":553},{"frameX":-135,"frameHeight":1080,"y":85,"frameY":-242,"frameWidth":550,"width":143,"height":77,"name":"节奏大师结束2 改0008","x":1894},{"frameX":-152,"frameHeight":1080,"y":1083,"frameY":-822,"frameWidth":550,"width":222,"height":197,"name":"节奏大师结束2 改0032","x":679}],"width":2048,"height":2048,"name":"jiezou4","imagePath":"jiezou4_tex.png"}