{"width":2048,"imagePath":"jiezou1_tex.png","height":2048,"name":"jiezou1","SubTexture":[{"frameY":-822,"y":1685,"frameWidth":800,"frameX":-87,"frameHeight":1080,"width":222,"height":197,"name":"节奏大师结束2 改0044","x":1783},{"frameY":0,"y":1441,"frameWidth":800,"frameX":-655,"frameHeight":1080,"width":93,"height":29,"name":"节奏大师结束2 改0002","x":1948},{"frameY":-432,"y":352,"frameWidth":800,"frameX":-343,"frameHeight":1080,"width":212,"height":102,"name":"节奏大师结束2 改0019","x":1826},{"frameY":-167,"y":541,"frameWidth":800,"frameX":-527,"frameHeight":1080,"width":143,"height":70,"name":"节奏大师结束2 改0009","x":1884},{"frameY":-705,"y":1461,"frameWidth":800,"frameX":0,"frameHeight":1080,"width":445,"height":375,"name":"节奏大师结束2 改0039","x":482},{"frameY":-35,"y":1441,"frameWidth":800,"frameX":-619,"frameHeight":1080,"width":109,"height":53,"name":"节奏大师结束2 改0004","x":1837},{"frameY":-749,"y":1083,"frameWidth":800,"frameX":-122,"frameHeight":1080,"width":294,"height":142,"name":"节奏大师结束2 改0031","x":1340},{"frameY":-114,"y":1620,"frameWidth":800,"frameX":-563,"frameHeight":1080,"width":130,"height":63,"name":"节奏大师结束2 改0007","x":1561},{"frameY":-485,"y":1497,"frameWidth":800,"frameX":-306,"frameHeight":1080,"width":225,"height":108,"name":"节奏大师结束2 改0021","x":1816},{"frameY":-821,"y":1798,"frameWidth":800,"frameX":-90,"frameHeight":1080,"width":218,"height":243,"name":"节奏大师结束2 改0043","x":1253},{"frameY":-511,"y":238,"frameWidth":800,"frameX":-287,"frameHeight":1080,"width":233,"height":112,"name":"节奏大师结束2 改0022","x":1605},{"frameY":-352,"y":1,"frameWidth":800,"frameX":-398,"frameHeight":1080,"width":191,"height":93,"name":"节奏大师结束2 改0016","x":1853},{"frameY":-326,"y":1907,"frameWidth":800,"frameX":-416,"frameHeight":1080,"width":185,"height":89,"name":"节奏大师结束2 改0015","x":290},{"frameY":-9,"y":1982,"frameWidth":800,"frameX":-637,"frameHeight":1080,"width":102,"height":49,"name":"节奏大师结束2 改0003","x":1598},{"frameY":-458,"y":352,"frameWidth":800,"frameX":-324,"frameHeight":1080,"width":219,"height":106,"name":"节奏大师结束2 改0020","x":1605},{"frameY":-273,"y":456,"frameWidth":800,"frameX":-453,"frameHeight":1080,"width":171,"height":83,"name":"节奏大师结束2 改0013","x":1826},{"frameY":-194,"y":1685,"frameWidth":800,"frameX":-508,"frameHeight":1080,"width":150,"height":72,"name":"节奏大师结束2 改0010","x":1309},{"frameY":-670,"y":1083,"frameWidth":800,"frameX":0,"frameHeight":1080,"width":479,"height":410,"name":"节奏大师结束2 改0040","x":1},{"width":800,"y":1,"height":1080,"name":"节奏大师结束2 改0001","x":803},{"frameY":-745,"y":1083,"frameWidth":800,"frameX":-28,"frameHeight":1080,"width":378,"height":335,"name":"节奏大师结束2 改0037","x":960},{"frameY":-670,"y":1495,"frameWidth":800,"frameX":0,"frameHeight":1080,"width":479,"height":410,"name":"节奏大师结束2 改0041","x":1},{"frameY":-670,"y":1364,"frameWidth":800,"frameX":-177,"frameHeight":1080,"width":274,"height":131,"name":"节奏大师结束2 改0028","x":1561},{"frameY":-829,"y":1838,"frameWidth":800,"frameX":-66,"frameHeight":1080,"width":315,"height":151,"name":"节奏大师结束2 改0034","x":482},{"frameY":-617,"y":1227,"frameWidth":800,"frameX":-214,"frameHeight":1080,"width":260,"height":125,"name":"节奏大师结束2 改0026","x":1622},{"frameY":-62,"y":1620,"frameWidth":800,"frameX":-600,"frameHeight":1080,"width":116,"height":56,"name":"节奏大师结束2 改0005","x":1693},{"frameY":-704,"y":1083,"frameWidth":800,"frameX":0,"frameHeight":1080,"width":476,"height":376,"name":"节奏大师结束2 改0042","x":482},{"frameY":-591,"y":1497,"frameWidth":800,"frameX":-232,"frameHeight":1080,"width":253,"height":121,"name":"节奏大师结束2 改0025","x":1561},{"frameY":-745,"y":1461,"frameWidth":800,"frameX":-28,"frameHeight":1080,"width":378,"height":335,"name":"节奏大师结束2 改0038","x":929},{"frameY":-141,"y":613,"frameWidth":800,"frameX":-545,"frameHeight":1080,"width":137,"height":66,"name":"节奏大师结束2 改0008","x":1884},{"frameY":-405,"y":238,"frameWidth":800,"frameX":-361,"frameHeight":1080,"width":205,"height":99,"name":"节奏大师结束2 改0018","x":1840},{"frameY":-300,"y":1354,"frameWidth":800,"frameX":-435,"frameHeight":1080,"width":177,"height":85,"name":"节奏大师结束2 改0014","x":1837},{"frameY":-379,"y":121,"frameWidth":800,"frameX":-379,"frameHeight":1080,"width":199,"height":95,"name":"节奏大师结束2 改0017","x":1846},{"frameY":-538,"y":121,"frameWidth":800,"frameX":-269,"frameHeight":1080,"width":239,"height":115,"name":"节奏大师结束2 改0023","x":1605},{"frameY":-696,"y":1227,"frameWidth":800,"frameX":-159,"frameHeight":1080,"width":280,"height":135,"name":"节奏大师结束2 改0029","x":1340},{"frameY":-247,"y":460,"frameWidth":800,"frameX":-472,"frameHeight":1080,"width":164,"height":79,"name":"节奏大师结束2 改0012","x":1605},{"frameY":-643,"y":1884,"frameWidth":800,"frameX":-195,"frameHeight":1080,"width":267,"height":129,"name":"节奏大师结束2 改0027","x":1776},{"frameY":-564,"y":1,"frameWidth":800,"frameX":-251,"frameHeight":1080,"width":246,"height":118,"name":"节奏大师结束2 改0024","x":1605},{"frameY":-802,"y":1685,"frameWidth":800,"frameX":-85,"frameHeight":1080,"width":308,"height":148,"name":"节奏大师结束2 改0033","x":1473},{"frameY":-220,"y":1607,"frameWidth":800,"frameX":-490,"frameHeight":1080,"width":157,"height":76,"name":"节奏大师结束2 改0011","x":1816},{"frameY":-801,"y":1420,"frameWidth":800,"frameX":-91,"frameHeight":1080,"width":250,"height":263,"name":"节奏大师结束2 改0036","x":1309},{"width":800,"y":1,"height":1080,"name":"节奏大师结束2 改0045","x":1},{"frameY":-88,"y":1982,"frameWidth":800,"frameX":-582,"frameHeight":1080,"width":123,"height":59,"name":"节奏大师结束2 改0006","x":1473},{"frameY":-776,"y":1835,"frameWidth":800,"frameX":-103,"frameHeight":1080,"width":301,"height":145,"name":"节奏大师结束2 改0032","x":1473},{"frameY":-828,"y":1798,"frameWidth":800,"frameX":-48,"frameHeight":1080,"width":322,"height":211,"name":"节奏大师结束2 改0035","x":929},{"frameY":-723,"y":1907,"frameWidth":800,"frameX":-140,"frameHeight":1080,"width":287,"height":138,"name":"节奏大师结束2 改0030","x":1}]}