{"SubTexture":[{"frameX":-135,"frameHeight":1080,"y":1,"frameY":-801,"frameWidth":500,"width":246,"height":263,"name":"节奏大师结束2 改0041","x":1721},{"frameX":-305,"frameHeight":1080,"y":2010,"frameY":0,"frameWidth":500,"width":83,"height":24,"name":"节奏大师结束2 改0002","x":1645},{"frameX":-300,"frameHeight":1080,"y":1270,"frameY":-2,"frameWidth":500,"width":88,"height":48,"name":"节奏大师结束2 改0003","x":1940},{"frameX":-164,"frameHeight":1080,"y":1838,"frameY":-601,"frameWidth":500,"width":227,"height":123,"name":"节奏大师结束2 改0029","x":727},{"frameX":-253,"frameHeight":1080,"y":1,"frameY":-209,"frameWidth":500,"width":136,"height":74,"name":"节奏大师结束2 改0012","x":1148},{"frameX":-127,"frameHeight":1080,"y":414,"frameY":-763,"frameWidth":500,"width":265,"height":143,"name":"节奏大师结束2 改0036","x":1721},{"frameX":-232,"frameHeight":1080,"y":1637,"frameY":-302,"frameWidth":500,"width":157,"height":85,"name":"节奏大师结束2 改0016","x":1886},{"frameX":-227,"frameHeight":1080,"y":1637,"frameY":-325,"frameWidth":500,"width":163,"height":88,"name":"节奏大师结束2 改0017","x":1721},{"frameX":-269,"frameHeight":1080,"y":1,"frameY":-140,"frameWidth":500,"width":120,"height":65,"name":"节奏大师结束2 改0009","x":1286},{"frameX":-111,"frameHeight":1080,"y":1798,"frameY":-832,"frameWidth":500,"width":281,"height":152,"name":"节奏大师结束2 改0039","x":1469},{"frameX":-137,"frameHeight":1080,"y":559,"frameY":-717,"frameWidth":500,"width":255,"height":137,"name":"节奏大师结束2 改0034","x":1721},{"frameX":-237,"frameHeight":1080,"y":1544,"frameY":-279,"frameWidth":500,"width":152,"height":82,"name":"节奏大师结束2 改0015","x":1891},{"frameX":-258,"frameHeight":1080,"y":1724,"frameY":-186,"frameWidth":500,"width":131,"height":71,"name":"节奏大师结束2 改0011","x":1886},{"frameX":-106,"frameHeight":1080,"y":1798,"frameY":-828,"frameWidth":500,"width":286,"height":211,"name":"节奏大师结束2 改0040","x":961},{"frameX":0,"frameHeight":1080,"y":1495,"frameY":-670,"frameWidth":500,"width":500,"height":410,"name":"节奏大师结束2 改0046","x":1},{"frameX":-200,"frameHeight":1080,"y":1337,"frameY":-440,"frameWidth":500,"width":190,"height":103,"name":"节奏大师结束2 改0022","x":1826},{"frameX":-295,"frameHeight":1080,"y":1218,"frameY":-25,"frameWidth":500,"width":93,"height":50,"name":"节奏大师结束2 改0004","x":1940},{"frameX":-242,"frameHeight":1080,"y":1963,"frameY":-256,"frameWidth":500,"width":147,"height":79,"name":"节奏大师结束2 改0014","x":727},{"frameX":-153,"frameHeight":1080,"y":1907,"frameY":-647,"frameWidth":500,"width":238,"height":129,"name":"节奏大师结束2 改0031","x":263},{"frameX":-195,"frameHeight":1080,"y":1337,"frameY":-463,"frameWidth":500,"width":195,"height":105,"name":"节奏大师结束2 改0023","x":1629},{"frameX":-263,"frameHeight":1080,"y":1727,"frameY":-163,"frameWidth":500,"width":126,"height":68,"name":"节奏大师结束2 改0010","x":1721},{"width":500,"y":1,"height":1080,"name":"节奏大师结束2 改0050","x":503},{"frameX":-68,"frameHeight":1080,"y":1461,"frameY":-745,"frameWidth":500,"width":378,"height":335,"name":"节奏大师结束2 改0042","x":961},{"frameX":-221,"frameHeight":1080,"y":1544,"frameY":-348,"frameWidth":500,"width":168,"height":91,"name":"节奏大师结束2 改0018","x":1721},{"frameX":-122,"frameHeight":1080,"y":266,"frameY":-786,"frameWidth":500,"width":270,"height":146,"name":"节奏大师结束2 改0037","x":1721},{"frameX":0,"frameHeight":1080,"y":1083,"frameY":-670,"frameWidth":500,"width":500,"height":410,"name":"节奏大师结束2 改0045","x":1},{"frameX":-148,"frameHeight":1080,"y":834,"frameY":-670,"frameWidth":500,"width":243,"height":132,"name":"节奏大师结束2 改0032","x":1721},{"frameX":-68,"frameHeight":1080,"y":1461,"frameY":-745,"frameWidth":500,"width":378,"height":335,"name":"节奏大师结束2 改0043","x":1341},{"width":500,"y":1,"height":1080,"name":"节奏大师结束2 改0001","x":1},{"frameX":-279,"frameHeight":1080,"y":1,"frameY":-94,"frameWidth":500,"width":109,"height":59,"name":"节奏大师结束2 改0007","x":1408},{"frameX":-132,"frameHeight":1080,"y":1907,"frameY":-740,"frameWidth":500,"width":260,"height":140,"name":"节奏大师结束2 改0035","x":1},{"frameX":-290,"frameHeight":1080,"y":1444,"frameY":-48,"frameWidth":500,"width":98,"height":54,"name":"节奏大师结束2 改0005","x":1721},{"frameX":-158,"frameHeight":1080,"y":968,"frameY":-624,"frameWidth":500,"width":233,"height":126,"name":"节奏大师结束2 改0030","x":1721},{"frameX":-179,"frameHeight":1080,"y":1337,"frameY":-532,"frameWidth":500,"width":212,"height":114,"name":"节奏大师结束2 改0026","x":1005},{"frameX":-169,"frameHeight":1080,"y":1096,"frameY":-578,"frameWidth":500,"width":222,"height":120,"name":"节奏大师结束2 改0028","x":1721},{"frameX":-284,"frameHeight":1080,"y":1952,"frameY":-71,"frameWidth":500,"width":104,"height":56,"name":"节奏大师结束2 改0006","x":1645},{"frameX":-248,"frameHeight":1080,"y":1,"frameY":-232,"frameWidth":500,"width":141,"height":77,"name":"节奏大师结束2 改0013","x":1005},{"frameX":-216,"frameHeight":1080,"y":1952,"frameY":-371,"frameWidth":500,"width":174,"height":94,"name":"节奏大师结束2 改0019","x":1469},{"frameX":-190,"frameHeight":1080,"y":1337,"frameY":-486,"frameWidth":500,"width":200,"height":109,"name":"节奏大师结束2 改0024","x":1427},{"frameX":-206,"frameHeight":1080,"y":1442,"frameY":-417,"frameWidth":500,"width":184,"height":100,"name":"节奏大师结束2 改0021","x":1826},{"frameX":-116,"frameHeight":1080,"y":1798,"frameY":-809,"frameWidth":500,"width":276,"height":149,"name":"节奏大师结束2 改0038","x":1752},{"frameX":0,"frameHeight":1080,"y":1083,"frameY":-704,"frameWidth":500,"width":500,"height":376,"name":"节奏大师结束2 改0047","x":503},{"frameX":-185,"frameHeight":1080,"y":1337,"frameY":-509,"frameWidth":500,"width":206,"height":111,"name":"节奏大师结束2 改0025","x":1219},{"frameX":-143,"frameHeight":1080,"y":698,"frameY":-694,"frameWidth":500,"width":249,"height":134,"name":"节奏大师结束2 改0033","x":1721},{"frameX":-29,"frameHeight":1080,"y":1461,"frameY":-705,"frameWidth":500,"width":456,"height":375,"name":"节奏大师结束2 改0044","x":503},{"frameX":-274,"frameHeight":1080,"y":1949,"frameY":-117,"frameWidth":500,"width":114,"height":62,"name":"节奏大师结束2 改0008","x":1933},{"frameX":-174,"frameHeight":1080,"y":1218,"frameY":-555,"frameWidth":500,"width":217,"height":117,"name":"节奏大师结束2 改0027","x":1721},{"frameX":-211,"frameHeight":1080,"y":1949,"frameY":-394,"frameWidth":500,"width":179,"height":97,"name":"节奏大师结束2 改0020","x":1752},{"frameX":-127,"frameHeight":1080,"y":1838,"frameY":-822,"frameWidth":500,"width":222,"height":197,"name":"节奏大师结束2 改0049","x":503},{"frameX":-130,"frameHeight":1080,"y":1798,"frameY":-821,"frameWidth":500,"width":218,"height":243,"name":"节奏大师结束2 改0048","x":1249}],"width":2048,"height":2048,"name":"jiezou3","imagePath":"jiezou3_tex.png"}