{"width":2048,"imagePath":"jiezou6_tex.png","height":2048,"name":"jiezou6","SubTexture":[{"frameY":0,"y":2023,"frameWidth":800,"frameX":-4,"frameHeight":1080,"width":85,"height":20,"name":"节奏大师结束2 改0002","x":837},{"frameY":-651,"y":271,"frameWidth":800,"frameX":-292,"frameHeight":1080,"width":268,"height":129,"name":"节奏大师结束2 改0035","x":1605},{"frameY":-704,"y":1495,"frameWidth":800,"frameX":-288,"frameHeight":1080,"width":512,"height":376,"name":"节奏大师结束2 改0052","x":524},{"frameY":-79,"y":1553,"frameWidth":800,"frameX":-43,"frameHeight":1080,"width":117,"height":56,"name":"节奏大师结束2 改0007","x":1876},{"frameY":-181,"y":1420,"frameWidth":800,"frameX":-88,"frameHeight":1080,"width":143,"height":69,"name":"节奏大师结束2 改0012","x":530},{"frameY":-324,"y":975,"frameWidth":800,"frameX":-150,"frameHeight":1080,"width":181,"height":88,"name":"节奏大师结束2 改0019","x":1605},{"frameY":-222,"y":1873,"frameWidth":800,"frameX":-105,"frameHeight":1080,"width":155,"height":74,"name":"节奏大师结束2 改0014","x":837},{"frameY":-242,"y":1,"frameWidth":800,"frameX":-114,"frameHeight":1080,"width":160,"height":77,"name":"节奏大师结束2 改0015","x":1885},{"frameY":-58,"y":80,"frameWidth":800,"frameX":-34,"frameHeight":1080,"width":112,"height":54,"name":"节奏大师结束2 改0006","x":1885},{"frameY":-671,"y":137,"frameWidth":800,"frameX":-301,"frameHeight":1080,"width":273,"height":132,"name":"节奏大师结束2 改0036","x":1605},{"frameY":-161,"y":1420,"frameWidth":800,"frameX":-79,"frameHeight":1080,"width":138,"height":66,"name":"节奏大师结束2 改0011","x":675},{"frameY":0,"y":2001,"frameWidth":800,"frameX":-8,"frameHeight":1080,"width":95,"height":43,"name":"节奏大师结束2 改0003","x":1356},{"frameY":-549,"y":525,"frameWidth":800,"frameX":-248,"frameHeight":1080,"width":240,"height":116,"name":"节奏大师结束2 改0030","x":1605},{"frameY":-822,"y":1832,"frameWidth":800,"frameX":-419,"frameHeight":1080,"width":223,"height":197,"name":"节奏大师结束2 改0054","x":1821},{"frameY":-801,"y":1083,"frameWidth":800,"frameX":-424,"frameHeight":1080,"width":250,"height":263,"name":"节奏大师结束2 改0046","x":909},{"frameY":-365,"y":973,"frameWidth":800,"frameX":-168,"frameHeight":1080,"width":192,"height":92,"name":"节奏大师结束2 改0021","x":1826},{"frameY":-283,"y":271,"frameWidth":800,"frameX":-132,"frameHeight":1080,"width":171,"height":82,"name":"节奏大师结束2 改0017","x":1875},{"frameY":-589,"y":402,"frameWidth":800,"frameX":-265,"frameHeight":1080,"width":252,"height":121,"name":"节奏大师结束2 改0032","x":1605},{"frameY":-834,"y":1872,"frameWidth":800,"frameX":-372,"frameHeight":1080,"width":316,"height":153,"name":"节奏大师结束2 改0044","x":1038},{"frameY":-487,"y":758,"frameWidth":800,"frameX":-221,"frameHeight":1080,"width":225,"height":108,"name":"节奏大师结束2 改0027","x":1605},{"frameY":-814,"y":1873,"frameWidth":800,"frameX":-363,"frameHeight":1080,"width":311,"height":149,"name":"节奏大师结束2 改0043","x":524},{"frameY":-732,"y":1907,"frameWidth":800,"frameX":-328,"frameHeight":1080,"width":289,"height":140,"name":"节奏大师结束2 改0039","x":1},{"frameY":-794,"y":1328,"frameWidth":800,"frameX":-354,"frameHeight":1080,"width":306,"height":147,"name":"节奏大师结束2 改0042","x":1161},{"frameY":-99,"y":1492,"frameWidth":800,"frameX":-52,"frameHeight":1080,"width":122,"height":59,"name":"节奏大师结束2 改0008","x":1876},{"frameY":-670,"y":1083,"frameWidth":800,"frameX":-273,"frameHeight":1080,"width":527,"height":410,"name":"节奏大师结束2 改0051","x":1},{"frameY":-467,"y":868,"frameWidth":800,"frameX":-212,"frameHeight":1080,"width":219,"height":105,"name":"节奏大师结束2 改0026","x":1605},{"frameY":-610,"y":1366,"frameWidth":800,"frameX":-274,"frameHeight":1080,"width":257,"height":124,"name":"节奏大师结束2 改0033","x":1734},{"frameY":-753,"y":1083,"frameWidth":800,"frameX":-336,"frameHeight":1080,"width":295,"height":142,"name":"节奏大师结束2 改0040","x":1684},{"frameY":-446,"y":868,"frameWidth":800,"frameX":-203,"frameHeight":1080,"width":214,"height":103,"name":"节奏大师结束2 改0025","x":1826},{"frameY":-745,"y":1495,"frameWidth":800,"frameX":-361,"frameHeight":1080,"width":377,"height":335,"name":"节奏大师结束2 改0048","x":1497},{"frameY":-528,"y":643,"frameWidth":800,"frameX":-239,"frameHeight":1080,"width":235,"height":113,"name":"节奏大师结束2 改0029","x":1605},{"frameY":-18,"y":1611,"frameWidth":800,"frameX":-16,"frameHeight":1080,"width":101,"height":48,"name":"节奏大师结束2 改0004","x":1876},{"frameY":-828,"y":1832,"frameWidth":800,"frameX":-381,"frameHeight":1080,"width":322,"height":211,"name":"节奏大师结束2 改0045","x":1497},{"frameY":-670,"y":1495,"frameWidth":800,"frameX":-279,"frameHeight":1080,"width":521,"height":410,"name":"节奏大师结束2 改0050","x":1},{"frameY":-304,"y":1230,"frameWidth":800,"frameX":-141,"frameHeight":1080,"width":176,"height":85,"name":"节奏大师结束2 改0018","x":1469},{"frameY":-712,"y":1227,"frameWidth":800,"frameX":-319,"frameHeight":1080,"width":284,"height":137,"name":"节奏大师结束2 改0038","x":1684},{"frameY":-773,"y":1083,"frameWidth":800,"frameX":-345,"frameHeight":1080,"width":301,"height":145,"name":"节奏大师结束2 改0041","x":1381},{"frameY":-745,"y":1083,"frameWidth":800,"frameX":-361,"frameHeight":1080,"width":377,"height":335,"name":"节奏大师结束2 改0047","x":530},{"frameY":-705,"y":1495,"frameWidth":800,"frameX":-321,"frameHeight":1080,"width":457,"height":375,"name":"节奏大师结束2 改0049","x":1038},{"frameY":-630,"y":1366,"frameWidth":800,"frameX":-283,"frameHeight":1080,"width":263,"height":126,"name":"节奏大师结束2 改0034","x":1469},{"frameY":-508,"y":1907,"frameWidth":800,"frameX":-230,"frameHeight":1080,"width":230,"height":110,"name":"节奏大师结束2 改0028","x":292},{"width":800,"y":1,"height":1080,"name":"节奏大师结束2 改0001","x":803},{"frameY":-38,"y":218,"frameWidth":800,"frameX":-25,"frameHeight":1080,"width":106,"height":51,"name":"节奏大师结束2 改0005","x":1880},{"frameY":-120,"y":1938,"frameWidth":800,"frameX":-61,"frameHeight":1080,"width":128,"height":61,"name":"节奏大师结束2 改0009","x":1356},{"frameY":-821,"y":1083,"frameWidth":800,"frameX":-422,"frameHeight":1080,"width":218,"height":243,"name":"节奏大师结束2 改0053","x":1161},{"frameY":-201,"y":1949,"frameWidth":800,"frameX":-97,"frameHeight":1080,"width":149,"height":72,"name":"节奏大师结束2 改0013","x":837},{"frameY":-140,"y":1872,"frameWidth":800,"frameX":-70,"frameHeight":1080,"width":133,"height":64,"name":"节奏大师结束2 改0010","x":1356},{"frameY":-406,"y":643,"frameWidth":800,"frameX":-185,"frameHeight":1080,"width":204,"height":97,"name":"节奏大师结束2 改0023","x":1842},{"frameY":-426,"y":758,"frameWidth":800,"frameX":-194,"frameHeight":1080,"width":209,"height":101,"name":"节奏大师结束2 改0024","x":1832},{"frameY":-263,"y":137,"frameWidth":800,"frameX":-123,"frameHeight":1080,"width":166,"height":79,"name":"节奏大师结束2 改0016","x":1880},{"frameY":-344,"y":402,"frameWidth":800,"frameX":-159,"frameHeight":1080,"width":187,"height":90,"name":"节奏大师结束2 改0020","x":1859},{"frameY":-569,"y":1348,"frameWidth":800,"frameX":-257,"frameHeight":1080,"width":246,"height":118,"name":"节奏大师结束2 改0031","x":909},{"width":800,"y":1,"height":1080,"name":"节奏大师结束2 改0055","x":1},{"frameY":-385,"y":525,"frameWidth":800,"frameX":-176,"frameHeight":1080,"width":198,"height":95,"name":"节奏大师结束2 改0022","x":1847},{"frameY":-691,"y":1,"frameWidth":800,"frameX":-310,"frameHeight":1080,"width":278,"height":134,"name":"节奏大师结束2 改0037","x":1605}]}