{
"texture":"fire.png",
"endAlpha":1
,"startBlueVariance":0
,"tangentialAcceleration":0
,"maxRadiusVariance":30
,"lifespan":200
,"blendFactorDestination":"oneMinusSourceAlpha"
,"minRadius":20
,"lifespanVariance":0
,"maxRadius":100
,"minRadiusVariance":10
,"startSize":90
,"rotatePerSecond":30
,"startSizeVariance":0
,"endAlphaVariance":0
,"rotatePerSecondVariance":10
,"endSize":100
,"startRedVariance":0
,"endSizeVariance":0
,"duration":-1
,"engGreenVariance":0
,"emitAngle":0
,"emitter":{"x":0,"y":0}
,"startRed":255
,"emitAngleVariance":360
,"startBlue":255
,"endRedVariance":0
,"endRed":255
,"emitterVariance":{"x":0,"y":0}
,"endGreen":255
,"endRotation":0
,"tangentialAccelerationVariance":0
,"startAlphaVariance":0
,"endRotationVariance":0
,"startRotationVariance":0
,"endBlueVariance":0
,"startGreenVariance":0
,"speedVariance":0
,"startRotation":0
,"speed":0
,"gravity":{"x":-1500,"y":0}
,"radialAcceleration":0
,"maxParticles":15
,"radialAccelerationVariance":0
,"emitterType":0
,"startAlpha":0.8901960784313725
,"blendFactorSource":"one"
,"startGreen":255
,"endBlue":255
}