{"mc":{
	"heiyan":{
		"frameRate":24,
		"events":[
			
			],
		"frames":[
			
			{
			"res":"97F14FF2",
			"x":39,
			"y":44
			},
			{
			"res":"6F05243B",
			"x":22,
			"y":36
			},
			{
			"res":"BC58AC99",
			"x":16,
			"y":33
			},
			{
			"res":"4712A706",
			"x":12,
			"y":33
			},
			{
			"res":"E7DFEC95",
			"x":12,
			"y":33
			},
			{
			"res":"304656A5",
			"x":13,
			"y":30
			},
			{
			"res":"C15176DE",
			"x":13,
			"y":30
			},
			{
			"res":"45660DFC",
			"x":11,
			"y":30
			},
			{
			"res":"D90D0CF0",
			"x":11,
			"y":30
			},
			{
			"res":"47952D02",
			"x":10,
			"y":31
			},
			{
			"res":"5E6DBCC8",
			"x":10,
			"y":31
			},
			{
			"res":"19878058",
			"x":13,
			"y":30
			},
			{
			"res":"CE18D0D5",
			"x":13,
			"y":30
			},
			{
			"res":"AA28FADE",
			"x":18,
			"y":32
			},
			{
			"res":"2A8D8284",
			"x":18,
			"y":32
			},
			{
			"res":"69764E9A",
			"x":33,
			"y":37
			}
			]
}},
	"res":{
		"19878058":{"x":181,"y":138,"w":95,"h":39},
		"E7DFEC95":{"x":104,"y":70,"w":101,"h":64},
		"6F05243B":{"x":98,"y":136,"w":81,"h":55},
		"2A8D8284":{"x":375,"y":175,"w":86,"h":35},
		"97F14FF2":{"x":437,"y":1,"w":49,"h":40},
		"304656A5":{"x":219,"y":69,"w":104,"h":67},
		"4712A706":{"x":1,"y":70,"w":101,"h":64},
		"C15176DE":{"x":325,"y":69,"w":104,"h":67},
		"47952D02":{"x":328,"y":1,"w":107,"h":66},
		"AA28FADE":{"x":375,"y":138,"w":86,"h":35},
		"45660DFC":{"x":1,"y":1,"w":107,"h":67},
		"5E6DBCC8":{"x":219,"y":1,"w":107,"h":66},
		"BC58AC99":{"x":1,"y":136,"w":95,"h":62},
		"69764E9A":{"x":488,"y":1,"w":11,"h":8},
		"D90D0CF0":{"x":110,"y":1,"w":107,"h":67},
		"CE18D0D5":{"x":278,"y":138,"w":95,"h":39}
	}}