{
"texture":"xingguang01.png",
"radialAccelerationVariance":0
,"startBlueVariance":0
,"blendFactorSource":"one"
,"maxRadiusVariance":30
,"lifespan":1000
,"startGreen":255
,"minRadius":20
,"lifespanVariance":300
,"maxRadius":100
,"minRadiusVariance":10
,"startSize":60
,"rotatePerSecond":30
,"startSizeVariance":0
,"endAlphaVariance":0
,"rotatePerSecondVariance":10
,"endSize":5
,"endSizeVariance":0
,"startRed":255
,"engGreenVariance":0
,"emitAngle":0
,"emitter":{"x":0,"y":0}
,"endGreen":255
,"emitAngleVariance":360
,"endAlpha":0.8901960784313725
,"startBlue":255
,"endRedVariance":0
,"endRed":255
,"emitterVariance":{"x":90,"y":80}
,"endBlueVariance":0
,"endRotation":0
,"blendFactorDestination":"oneMinusSourceAlpha"
,"startAlphaVariance":0
,"endRotationVariance":0
,"startRotationVariance":0
,"startGreenVariance":0
,"speedVariance":0
,"startRotation":0
,"speed":0
,"gravity":{"x":0,"y":0}
,"radialAcceleration":0
,"emitterType":0
,"maxParticles":10
,"startRedVariance":0
,"duration":-1
,"startAlpha":0.7843137254901961
,"tangentialAcceleration":0
,"tangentialAccelerationVariance":0
,"endBlue":255
}