{
	"skins": {
		"eui.Button": "resource/eui_skins/ButtonSkin.exml",
		"eui.CheckBox": "resource/eui_skins/CheckBoxSkin.exml",
		"eui.HScrollBar": "resource/eui_skins/HScrollBarSkin.exml",
		"eui.HSlider": "resource/eui_skins/HSliderSkin.exml",
		"eui.Panel": "resource/eui_skins/PanelSkin.exml",
		"eui.TextInput": "resource/eui_skins/TextInputSkin.exml",
		"eui.ProgressBar": "resource/eui_skins/ProgressBarSkin.exml",
		"eui.RadioButton": "resource/eui_skins/RadioButtonSkin.exml",
		"eui.Scroller": "resource/eui_skins/ScrollerSkin.exml",
		"eui.ToggleSwitch": "resource/eui_skins/ToggleSwitchSkin.exml",
		"eui.VScrollBar": "resource/eui_skins/VScrollBarSkin.exml",
		"eui.VSlider": "resource/eui_skins/VSliderSkin.exml",
		"eui.ItemRenderer": "resource/eui_skins/ItemRendererSkin.exml",
		"CookySkin": "resource/eui_skins/CookySkin.exml",
		"MyButton": "resource/eui_skins/MyButton.exml",
		"ClickBtb": "resource/eui_skins/conponemt/ClickBtb.exml",
		"Keyset": "resource/eui_skins/components/Keyset.exml"
	},
	"autoGenerateExmlsList": true,
	"exmls": [
		"resource/eui_skins/ButtonSkin.exml",
		"resource/eui_skins/CheckBoxSkin.exml",
		"resource/eui_skins/components/Keyset.exml",
		"resource/eui_skins/conponemt/ClickBtb.exml",
		"resource/eui_skins/cookySubject/Subject1.exml",
		"resource/eui_skins/cookySubject/surfaceCellCount.exml",
		"resource/eui_skins/cookySubject/indoorCellBtn.exml",
		"resource/eui_skins/CookySkin.exml",
		"resource/eui_skins/cookySubject/borderColor.exml",
		"resource/eui_skins/cookySubject/inputBorder.exml",
		"resource/eui_skins/cookySubject/lndoorCellCount.exml",
		"resource/eui_skins/cookySubject/MyButtonSkin.exml",
		"resource/eui_skins/cookySubject/MyRedButtonSkin.exml",
		"resource/eui_skins/cookySubject/Subject2.exml",
		"resource/eui_skins/cookySubject/Subject3.exml",
		"resource/eui_skins/cookySubject/surfaceCellBtn.exml",
		"resource/eui_skins/CueButton.exml",
		"resource/eui_skins/HScrollBarSkin.exml",
		"resource/eui_skins/HSliderSkin.exml",
		"resource/eui_skins/ItemRendererSkin.exml",
		"resource/eui_skins/PanelSkin.exml",
		"resource/eui_skins/ProgressBarSkin.exml",
		"resource/eui_skins/RadioButtonSkin.exml",
		"resource/eui_skins/ScrollerSkin.exml",
		"resource/eui_skins/TextInputSkin.exml",
		"resource/eui_skins/ToggleSwitchSkin.exml",
		"resource/eui_skins/VScrollBarSkin.exml",
		"resource/eui_skins/VSliderSkin.exml"
	],
	"path": "resource/default.thm.json"
}