{"frameRate":24,"name":"taoxin","version":"5.5","compatibleVersion":"5.5","armature":[{"type":"Sheet","frameRate":40,"name":"taoxin","aabb":{"x":-107,"y":-154,"width":222,"height":212},"bone":[{"name":"root"}],"slot":[{"displayIndex":7,"name":"sheetSlot","parent":"root"}],"skin":[{"slot":[{"name":"sheetSlot","display":[{"name":"01","transform":{"x":4,"y":-48}},{"name":"02","transform":{"x":4,"y":-48}},{"name":"03","transform":{"x":4,"y":-48}},{"name":"04","transform":{"x":4,"y":-48}},{"name":"05","transform":{"x":4,"y":-48}},{"name":"06","transform":{"x":4,"y":-48}},{"name":"07","transform":{"x":4,"y":-48}},{"name":"08","transform":{"x":4,"y":-48}},{"name":"09","transform":{"x":4,"y":-48}},{"name":"10","transform":{"x":4,"y":-48}},{"name":"11","transform":{"x":4,"y":-48}},{"name":"12","transform":{"x":4,"y":-48}},{"name":"13","transform":{"x":4,"y":-48}},{"name":"14","transform":{"x":4,"y":-48}},{"name":"15","transform":{"x":4,"y":-48}},{"name":"16","transform":{"x":4,"y":-48}},{"name":"17","transform":{"x":4,"y":-48}},{"name":"18","transform":{"x":4,"y":-48}},{"name":"19","transform":{"x":4,"y":-48}},{"name":"20","transform":{"x":4,"y":-48}},{"name":"21","transform":{"x":4,"y":-48}},{"name":"22","transform":{"x":4,"y":-48}},{"name":"23","transform":{"x":4,"y":-48}},{"name":"24","transform":{"x":4,"y":-48}},{"name":"25","transform":{"x":4,"y":-48}},{"name":"26","transform":{"x":4,"y":-48}},{"name":"27","transform":{"x":4,"y":-48}},{"name":"28","transform":{"x":4,"y":-48}},{"name":"29","transform":{"x":4,"y":-48}},{"name":"30","transform":{"x":4,"y":-48}},{"name":"31","transform":{"x":4,"y":-48}},{"name":"32","transform":{"x":4,"y":-48}},{"name":"33","transform":{"x":4,"y":-48}},{"name":"34","transform":{"x":4,"y":-48}},{"name":"35","transform":{"x":4,"y":-48}},{"name":"36","transform":{"x":4,"y":-48}},{"name":"37","transform":{"x":4,"y":-48}},{"name":"38","transform":{"x":4,"y":-48}},{"name":"39","transform":{"x":4,"y":-48}},{"name":"40","transform":{"x":4,"y":-48}},{"name":"41","transform":{"x":4,"y":-48}},{"name":"42","transform":{"x":4,"y":-48}},{"name":"43","transform":{"x":4,"y":-48}},{"name":"44","transform":{"x":4,"y":-48}},{"name":"45","transform":{"x":4,"y":-48}},{"name":"46","transform":{"x":4,"y":-48}},{"name":"47","transform":{"x":4,"y":-48}},{"name":"48","transform":{"x":4,"y":-48}},{"name":"49","transform":{"x":4,"y":-48}},{"name":"50","transform":{"x":4,"y":-48}},{"name":"51","transform":{"x":4,"y":-48}},{"name":"52","transform":{"x":4,"y":-48}},{"name":"53","transform":{"x":4,"y":-48}},{"name":"54","transform":{"x":4,"y":-48}},{"name":"55","transform":{"x":4,"y":-48}},{"name":"56","transform":{"x":4,"y":-48}},{"name":"57","transform":{"x":4,"y":-48}},{"name":"58","transform":{"x":4,"y":-48}},{"name":"59","transform":{"x":4,"y":-48}},{"name":"60","transform":{"x":4,"y":-48}},{"name":"61","transform":{"x":4,"y":-48}},{"name":"62","transform":{"x":4,"y":-48}},{"name":"63","transform":{"x":4,"y":-48}},{"name":"64","transform":{"x":4,"y":-48}},{"name":"65","transform":{"x":4,"y":-48}},{"name":"66","transform":{"x":4,"y":-48}},{"name":"67","transform":{"x":4,"y":-48}},{"name":"68","transform":{"x":4,"y":-48}},{"name":"69","transform":{"x":4,"y":-48}},{"name":"70","transform":{"x":4,"y":-48}},{"name":"71","transform":{"x":4,"y":-48}},{"name":"72","transform":{"x":4,"y":-48}},{"name":"73","transform":{"x":4,"y":-48}},{"name":"74","transform":{"x":4,"y":-48}},{"name":"75","transform":{"x":4,"y":-48}},{"name":"76","transform":{"x":4,"y":-48}},{"name":"77","transform":{"x":4,"y":-48}},{"name":"78","transform":{"x":4,"y":-48}},{"name":"79","transform":{"x":4,"y":-48}},{"name":"80","transform":{"x":4,"y":-48}},{"name":"81","transform":{"x":4,"y":-48}},{"name":"82","transform":{"x":4,"y":-48}},{"name":"83","transform":{"x":4,"y":-48}},{"name":"84","transform":{"x":4,"y":-48}},{"name":"85","transform":{"x":4,"y":-48}},{"name":"86","transform":{"x":4,"y":-48}},{"name":"87","transform":{"x":4,"y":-48}},{"name":"88","transform":{"x":4,"y":-48}},{"name":"89","transform":{"x":4,"y":-48}},{"name":"90","transform":{"x":4,"y":-48}},{"name":"91","transform":{"x":4,"y":-48}},{"name":"92","transform":{"x":4,"y":-48}},{"name":"93","transform":{"x":4,"y":-48}},{"name":"94","transform":{"x":4,"y":-48}},{"name":"95","transform":{"x":4,"y":-48}},{"name":"96","transform":{"x":4,"y":-48}},{"name":"97","transform":{"x":4,"y":-48}},{"name":"98","transform":{"x":4,"y":-48}},{"name":"99","transform":{"x":4,"y":-48}},{"name":"100","transform":{"x":4,"y":-48}},{"name":"101","transform":{"x":4,"y":-48}},{"name":"102","transform":{"x":4,"y":-48}},{"name":"103","transform":{"x":4,"y":-48}},{"name":"104","transform":{"x":4,"y":-48}},{"name":"105","transform":{"x":4,"y":-48}},{"name":"106","transform":{"x":4,"y":-48}},{"name":"107","transform":{"x":4,"y":-48}},{"name":"108","transform":{"x":4,"y":-48}},{"name":"109","transform":{"x":4,"y":-48}},{"name":"110","transform":{"x":4,"y":-48}},{"name":"111","transform":{"x":4,"y":-48}},{"name":"112","transform":{"x":4,"y":-48}},{"name":"113","transform":{"x":4,"y":-48}},{"name":"114","transform":{"x":4,"y":-48}},{"name":"115","transform":{"x":4,"y":-48}},{"name":"116","transform":{"x":4,"y":-48}},{"name":"117","transform":{"x":4,"y":-48}},{"name":"118","transform":{"x":4,"y":-48}},{"name":"119","transform":{"x":4,"y":-48}},{"name":"120","transform":{"x":4,"y":-48}},{"name":"121","transform":{"x":4,"y":-48}}]}]}],"animation":[{"duration":121,"playTimes":0,"name":"taoxin","slot":[{"name":"sheetSlot","displayFrame":[{},{"value":1},{"value":2},{"value":3},{"value":4},{"value":5},{"value":6},{"value":7},{"value":8},{"value":9},{"value":10},{"value":11},{"value":12},{"value":13},{"value":14},{"value":15},{"value":16},{"value":17},{"value":18},{"value":19},{"value":20},{"value":21},{"value":22},{"value":23},{"value":24},{"value":25},{"value":26},{"value":27},{"value":28},{"value":29},{"value":30},{"value":31},{"value":32},{"value":33},{"value":34},{"value":35},{"value":36},{"value":37},{"value":38},{"value":39},{"value":40},{"value":41},{"value":42},{"value":43},{"value":44},{"value":45},{"value":46},{"value":47},{"value":48},{"value":49},{"value":50},{"value":51},{"value":52},{"value":53},{"value":54},{"value":55},{"value":56},{"value":57},{"value":58},{"value":59},{"value":60},{"value":61},{"value":62},{"value":63},{"value":64},{"value":65},{"value":66},{"value":67},{"value":68},{"value":69},{"value":70},{"value":71},{"value":72},{"value":73},{"value":74},{"value":75},{"value":76},{"value":77},{"value":78},{"value":79},{"value":80},{"value":81},{"value":82},{"value":83},{"value":84},{"value":85},{"value":86},{"value":87},{"value":88},{"value":89},{"value":90},{"value":91},{"value":92},{"value":93},{"value":94},{"value":95},{"value":96},{"value":97},{"value":98},{"value":99},{"value":100},{"value":101},{"value":102},{"value":103},{"value":104},{"value":105},{"value":106},{"value":107},{"value":108},{"value":109},{"value":110},{"value":111},{"value":112},{"value":113},{"value":114},{"value":115},{"value":116},{"value":117},{"value":118},{"value":119},{"value":120}]}]}],"defaultActions":[{"gotoAndPlay":"taoxin"}]}]}