{"width":1024,"imagePath":"taoxin_tex.png","height":1024,"name":"taoxin","SubTexture":[{"y":740,"frameX":-67,"frameHeight":212,"frameY":-106,"width":88,"frameWidth":222,"height":50,"name":"22","x":876},{"y":161,"frameX":-123,"frameHeight":212,"frameY":-21,"width":39,"frameWidth":222,"height":33,"name":"120","x":982},{"y":994,"frameX":-79,"frameHeight":212,"frameY":-136,"width":53,"frameWidth":222,"height":19,"name":"05","x":561},{"y":115,"frameX":-68,"frameHeight":212,"frameY":-122,"width":65,"frameWidth":222,"height":33,"name":"12","x":377},{"y":685,"frameX":-62,"frameHeight":212,"frameY":-77,"width":106,"frameWidth":222,"height":78,"name":"40","x":684},{"y":681,"frameX":-63,"frameHeight":212,"frameY":-60,"width":109,"frameWidth":222,"height":94,"name":"50","x":465},{"y":585,"frameX":-63,"frameHeight":212,"frameY":-59,"width":109,"frameWidth":222,"height":94,"name":"51","x":465},{"y":144,"frameX":-113,"frameHeight":212,"frameY":-25,"width":44,"frameWidth":222,"height":71,"name":"101","x":241},{"y":473,"frameX":-60,"frameHeight":212,"frameY":-43,"width":116,"frameWidth":222,"height":110,"name":"61","x":353},{"y":823,"frameX":-69,"frameHeight":212,"frameY":-129,"width":62,"frameWidth":222,"height":25,"name":"08","x":567},{"y":850,"frameX":-66,"frameHeight":212,"frameY":-92,"width":98,"frameWidth":222,"height":62,"name":"30","x":566},{"y":485,"frameX":-66,"frameHeight":212,"frameY":-41,"width":112,"frameWidth":222,"height":115,"name":"67","x":121},{"y":196,"frameX":-122,"frameHeight":212,"frameY":-31,"width":39,"frameWidth":222,"height":32,"name":"114","x":982},{"y":146,"frameX":-113,"frameHeight":212,"frameY":-30,"width":43,"frameWidth":222,"height":70,"name":"98","x":287},{"y":230,"frameX":-122,"frameHeight":212,"frameY":-37,"width":38,"frameWidth":222,"height":32,"name":"111","x":982},{"y":923,"frameX":-64,"frameHeight":212,"frameY":-84,"width":102,"frameWidth":222,"height":69,"name":"35","x":460},{"y":1,"frameX":-105,"frameHeight":212,"frameY":-50,"width":53,"frameWidth":222,"height":78,"name":"85","x":928},{"y":669,"frameX":-62,"frameHeight":212,"frameY":-76,"width":106,"frameWidth":222,"height":79,"name":"41","x":576},{"y":105,"frameX":-122,"frameHeight":212,"frameY":-35,"width":38,"frameWidth":222,"height":33,"name":"112","x":983},{"y":926,"frameX":-62,"frameHeight":212,"frameY":-78,"width":105,"frameWidth":222,"height":79,"name":"39","x":117},{"y":342,"frameX":-62,"frameHeight":212,"frameY":-53,"width":111,"frameWidth":222,"height":99,"name":"55","x":356},{"y":681,"frameX":-63,"frameHeight":212,"frameY":-62,"width":108,"frameWidth":222,"height":93,"name":"49","x":352},{"y":881,"frameX":-68,"frameHeight":212,"frameY":-113,"width":65,"frameWidth":222,"height":40,"name":"18","x":766},{"y":923,"frameX":-64,"frameHeight":212,"frameY":-58,"width":92,"frameWidth":222,"height":76,"name":"81","x":668},{"y":688,"frameX":-67,"frameHeight":212,"frameY":-105,"width":90,"frameWidth":222,"height":50,"name":"23","x":792},{"y":957,"frameX":-65,"frameHeight":212,"frameY":-88,"width":100,"frameWidth":222,"height":65,"name":"33","x":333},{"y":688,"frameX":-67,"frameHeight":212,"frameY":-108,"width":86,"frameWidth":222,"height":49,"name":"21","x":884},{"y":765,"frameX":-66,"frameHeight":212,"frameY":-97,"width":97,"frameWidth":222,"height":56,"name":"27","x":682},{"y":777,"frameX":-63,"frameHeight":212,"frameY":-82,"width":103,"frameWidth":222,"height":71,"name":"37","x":462},{"y":989,"frameX":-68,"frameHeight":212,"frameY":-121,"width":65,"frameWidth":222,"height":33,"name":"13","x":762},{"y":343,"frameX":-82,"frameHeight":212,"frameY":-145,"width":46,"frameWidth":222,"height":12,"name":"01","x":240},{"y":1,"frameX":-113,"frameHeight":212,"frameY":-26,"width":44,"frameWidth":222,"height":71,"name":"100","x":385},{"y":792,"frameX":-69,"frameHeight":212,"frameY":-126,"width":62,"frameWidth":222,"height":27,"name":"10","x":876},{"y":607,"frameX":-66,"frameHeight":212,"frameY":-40,"width":113,"frameWidth":222,"height":116,"name":"68","x":119},{"y":740,"frameX":-73,"frameHeight":212,"frameY":-133,"width":58,"frameWidth":222,"height":22,"name":"06","x":792},{"y":388,"frameX":-104,"frameHeight":212,"frameY":-42,"width":51,"frameWidth":222,"height":70,"name":"90","x":928},{"y":923,"frameX":-65,"frameHeight":212,"frameY":-90,"width":100,"frameWidth":222,"height":64,"name":"32","x":762},{"y":388,"frameX":-122,"frameHeight":212,"frameY":-25,"width":40,"frameWidth":222,"height":33,"name":"117","x":981},{"y":1,"frameX":-104,"frameHeight":212,"frameY":-38,"width":51,"frameWidth":222,"height":69,"name":"93","x":241},{"y":976,"frameX":-67,"frameHeight":212,"frameY":-111,"width":84,"frameWidth":222,"height":47,"name":"20","x":224},{"y":726,"frameX":-65,"frameHeight":212,"frameY":-38,"width":114,"frameWidth":222,"height":116,"name":"69","x":1},{"y":487,"frameX":-63,"frameHeight":212,"frameY":-28,"width":118,"frameWidth":222,"height":118,"name":"74","x":1},{"y":332,"frameX":-122,"frameHeight":212,"frameY":-45,"width":37,"frameWidth":222,"height":32,"name":"107","x":982},{"y":36,"frameX":-122,"frameHeight":212,"frameY":-23,"width":40,"frameWidth":222,"height":32,"name":"119","x":983},{"y":994,"frameX":-69,"frameHeight":212,"frameY":-127,"width":62,"frameWidth":222,"height":26,"name":"09","x":435},{"y":150,"frameX":-124,"frameHeight":212,"frameY":-20,"width":37,"frameWidth":222,"height":30,"name":"121","x":377},{"y":1,"frameX":-113,"frameHeight":212,"frameY":-27,"width":44,"frameWidth":222,"height":71,"name":"99","x":339},{"y":241,"frameX":-64,"frameHeight":212,"frameY":-34,"width":116,"frameWidth":222,"height":117,"name":"71","x":122},{"y":123,"frameX":-64,"frameHeight":212,"frameY":-18,"width":119,"frameWidth":222,"height":119,"name":"79","x":1},{"y":583,"frameX":-61,"frameHeight":212,"frameY":-50,"width":113,"frameWidth":222,"height":100,"name":"56","x":700},{"y":161,"frameX":-105,"frameHeight":212,"frameY":-57,"width":52,"frameWidth":222,"height":76,"name":"82","x":928},{"y":423,"frameX":-122,"frameHeight":212,"frameY":-24,"width":40,"frameWidth":222,"height":33,"name":"118","x":981},{"y":365,"frameX":-65,"frameHeight":212,"frameY":-20,"width":117,"frameWidth":222,"height":120,"name":"77","x":1},{"y":264,"frameX":-122,"frameHeight":212,"frameY":-44,"width":37,"frameWidth":222,"height":32,"name":"108","x":982},{"y":239,"frameX":-105,"frameHeight":212,"frameY":-56,"width":52,"frameWidth":222,"height":76,"name":"83","x":928},{"y":81,"frameX":-105,"frameHeight":212,"frameY":-52,"width":53,"frameWidth":222,"height":78,"name":"84","x":928},{"y":74,"frameX":-68,"frameHeight":212,"frameY":-116,"width":65,"frameWidth":222,"height":39,"name":"16","x":339},{"y":1,"frameX":-64,"frameHeight":212,"frameY":-16,"width":119,"frameWidth":222,"height":120,"name":"80","x":1},{"y":808,"frameX":-64,"frameHeight":212,"frameY":-69,"width":105,"frameWidth":222,"height":84,"name":"45","x":235},{"y":458,"frameX":-122,"frameHeight":212,"frameY":-32,"width":39,"frameWidth":222,"height":33,"name":"113","x":981},{"y":894,"frameX":-61,"frameHeight":212,"frameY":-74,"width":107,"frameWidth":222,"height":80,"name":"42","x":224},{"y":734,"frameX":-121,"frameHeight":212,"frameY":-49,"width":37,"frameWidth":222,"height":39,"name":"104","x":972},{"y":460,"frameX":-105,"frameHeight":212,"frameY":-32,"width":51,"frameWidth":222,"height":70,"name":"96","x":928},{"y":473,"frameX":-61,"frameHeight":212,"frameY":-47,"width":114,"frameWidth":222,"height":110,"name":"58","x":471},{"y":581,"frameX":-105,"frameHeight":212,"frameY":-48,"width":53,"frameWidth":222,"height":78,"name":"87","x":927},{"y":244,"frameX":-64,"frameHeight":212,"frameY":-19,"width":119,"frameWidth":222,"height":119,"name":"78","x":1},{"y":73,"frameX":-68,"frameHeight":212,"frameY":-123,"width":64,"frameWidth":222,"height":32,"name":"11","x":431},{"y":473,"frameX":-67,"frameHeight":212,"frameY":-46,"width":111,"frameWidth":222,"height":106,"name":"65","x":815},{"y":1,"frameX":-65,"frameHeight":212,"frameY":-24,"width":117,"frameWidth":222,"height":118,"name":"76","x":122},{"y":532,"frameX":-68,"frameHeight":212,"frameY":-114,"width":65,"frameWidth":222,"height":41,"name":"17","x":928},{"y":581,"frameX":-67,"frameHeight":212,"frameY":-47,"width":110,"frameWidth":222,"height":105,"name":"64","x":815},{"y":988,"frameX":-68,"frameHeight":212,"frameY":-118,"width":65,"frameWidth":222,"height":35,"name":"15","x":864},{"y":607,"frameX":-64,"frameHeight":212,"frameY":-32,"width":116,"frameWidth":222,"height":117,"name":"72","x":1},{"y":607,"frameX":-61,"frameHeight":212,"frameY":-41,"width":116,"frameWidth":222,"height":112,"name":"63","x":234},{"y":317,"frameX":-104,"frameHeight":212,"frameY":-35,"width":52,"frameWidth":222,"height":69,"name":"94","x":928},{"y":765,"frameX":-67,"frameHeight":212,"frameY":-100,"width":93,"frameWidth":222,"height":55,"name":"25","x":781},{"y":473,"frameX":-67,"frameHeight":212,"frameY":-43,"width":111,"frameWidth":222,"height":112,"name":"66","x":587},{"y":994,"frameX":-71,"frameHeight":212,"frameY":-131,"width":60,"frameWidth":222,"height":24,"name":"07","x":499},{"y":870,"frameX":-64,"frameHeight":212,"frameY":-65,"width":106,"frameWidth":222,"height":85,"name":"47","x":352},{"y":841,"frameX":-64,"frameHeight":212,"frameY":-71,"width":105,"frameWidth":222,"height":83,"name":"44","x":117},{"y":721,"frameX":-64,"frameHeight":212,"frameY":-68,"width":106,"frameWidth":222,"height":85,"name":"46","x":235},{"y":585,"frameX":-62,"frameHeight":212,"frameY":-58,"width":110,"frameWidth":222,"height":94,"name":"52","x":353},{"y":365,"frameX":-64,"frameHeight":212,"frameY":-27,"width":117,"frameWidth":222,"height":118,"name":"75","x":120},{"y":750,"frameX":-63,"frameHeight":212,"frameY":-81,"width":104,"frameWidth":222,"height":71,"name":"38","x":576},{"y":962,"frameX":-66,"frameHeight":212,"frameY":-96,"width":97,"frameWidth":222,"height":56,"name":"28","x":1},{"y":726,"frameX":-60,"frameHeight":212,"frameY":-41,"width":116,"frameWidth":222,"height":113,"name":"62","x":117},{"y":493,"frameX":-122,"frameHeight":212,"frameY":-28,"width":39,"frameWidth":222,"height":33,"name":"115","x":981},{"y":298,"frameX":-122,"frameHeight":212,"frameY":-41,"width":37,"frameWidth":222,"height":32,"name":"109","x":982},{"y":575,"frameX":-122,"frameHeight":212,"frameY":-47,"width":37,"frameWidth":222,"height":37,"name":"106","x":982},{"y":1,"frameX":-104,"frameHeight":212,"frameY":-41,"width":51,"frameWidth":222,"height":70,"name":"91","x":467},{"y":776,"frameX":-63,"frameHeight":212,"frameY":-63,"width":108,"frameWidth":222,"height":92,"name":"48","x":352},{"y":72,"frameX":-104,"frameHeight":212,"frameY":-43,"width":50,"frameWidth":222,"height":70,"name":"89","x":241},{"y":923,"frameX":-66,"frameHeight":212,"frameY":-91,"width":98,"frameWidth":222,"height":63,"name":"31","x":864},{"y":146,"frameX":-113,"frameHeight":212,"frameY":-31,"width":43,"frameWidth":222,"height":70,"name":"97","x":332},{"y":241,"frameX":-62,"frameHeight":212,"frameY":-54,"width":112,"frameWidth":222,"height":99,"name":"54","x":353},{"y":823,"frameX":-66,"frameHeight":212,"frameY":-93,"width":98,"frameWidth":222,"height":62,"name":"29","x":666},{"y":1,"frameX":-121,"frameHeight":212,"frameY":-51,"width":37,"frameWidth":222,"height":38,"name":"103","x":294},{"y":1001,"frameX":-80,"frameHeight":212,"frameY":-140,"width":52,"frameWidth":222,"height":17,"name":"03","x":616},{"y":473,"frameX":-61,"frameHeight":212,"frameY":-49,"width":113,"frameWidth":222,"height":108,"name":"57","x":700},{"y":823,"frameX":-67,"frameHeight":212,"frameY":-99,"width":95,"frameWidth":222,"height":56,"name":"26","x":766},{"y":485,"frameX":-60,"frameHeight":212,"frameY":-44,"width":116,"frameWidth":222,"height":111,"name":"60","x":235},{"y":661,"frameX":-104,"frameHeight":212,"frameY":-39,"width":51,"frameWidth":222,"height":71,"name":"92","x":972},{"y":923,"frameX":-64,"frameHeight":212,"frameY":-86,"width":102,"frameWidth":222,"height":69,"name":"34","x":564},{"y":792,"frameX":-105,"frameHeight":212,"frameY":-49,"width":54,"frameWidth":222,"height":79,"name":"86","x":956},{"y":587,"frameX":-62,"frameHeight":212,"frameY":-73,"width":106,"frameWidth":222,"height":80,"name":"43","x":576},{"y":614,"frameX":-121,"frameHeight":212,"frameY":-48,"width":37,"frameWidth":222,"height":36,"name":"105","x":982},{"y":850,"frameX":-64,"frameHeight":212,"frameY":-83,"width":102,"frameWidth":222,"height":71,"name":"36","x":462},{"y":844,"frameX":-65,"frameHeight":212,"frameY":-37,"width":114,"frameWidth":222,"height":116,"name":"70","x":1},{"y":775,"frameX":-81,"frameHeight":212,"frameY":-142,"width":49,"frameWidth":222,"height":15,"name":"02","x":966},{"y":121,"frameX":-64,"frameHeight":212,"frameY":-30,"width":117,"frameWidth":222,"height":118,"name":"73","x":122},{"y":954,"frameX":-104,"frameHeight":212,"frameY":-34,"width":52,"frameWidth":222,"height":69,"name":"95","x":964},{"y":72,"frameX":-114,"frameHeight":212,"frameY":-22,"width":44,"frameWidth":222,"height":72,"name":"102","x":293},{"y":822,"frameX":-67,"frameHeight":212,"frameY":-104,"width":91,"frameWidth":222,"height":51,"name":"24","x":863},{"y":1,"frameX":-122,"frameHeight":212,"frameY":-26,"width":39,"frameWidth":222,"height":33,"name":"116","x":983},{"y":875,"frameX":-68,"frameHeight":212,"frameY":-112,"width":65,"frameWidth":222,"height":40,"name":"19","x":863},{"y":887,"frameX":-68,"frameHeight":212,"frameY":-119,"width":65,"frameWidth":222,"height":34,"name":"14","x":666},{"y":241,"frameX":-62,"frameHeight":212,"frameY":-55,"width":111,"frameWidth":222,"height":100,"name":"53","x":240},{"y":360,"frameX":-60,"frameHeight":212,"frameY":-45,"width":115,"frameWidth":222,"height":111,"name":"59","x":239},{"y":70,"frameX":-122,"frameHeight":212,"frameY":-39,"width":38,"frameWidth":222,"height":33,"name":"110","x":983},{"y":873,"frameX":-105,"frameHeight":212,"frameY":-46,"width":53,"frameWidth":222,"height":79,"name":"88","x":964},{"y":1001,"frameX":-80,"frameHeight":212,"frameY":-139,"width":52,"frameWidth":222,"height":17,"name":"04","x":670}]}