{"imagePath":"xiaolaoshu1_tex.png","width":1024,"height":2048,"name":"xiaolaoshu1","SubTexture":[{"frameY":-28,"y":657,"frameWidth":350,"frameHeight":200,"width":324,"height":162,"name":"小老鼠比赛0010","frameX":-14,"x":695},{"frameY":-28,"y":990,"frameWidth":350,"frameHeight":200,"width":324,"height":162,"name":"小老鼠比赛0009","frameX":-14,"x":1},{"frameY":-28,"y":329,"frameWidth":350,"frameHeight":200,"width":324,"height":162,"name":"小老鼠比赛0008","frameX":-14,"x":695},{"frameY":-28,"y":493,"frameWidth":350,"frameHeight":200,"width":324,"height":162,"name":"小老鼠比赛0007","frameX":-14,"x":695},{"frameY":-28,"y":826,"frameWidth":350,"frameHeight":200,"width":324,"height":162,"name":"小老鼠比赛0006","frameX":-14,"x":1},{"frameY":-28,"y":165,"frameWidth":350,"frameHeight":200,"width":324,"height":162,"name":"小老鼠比赛0005","frameX":-14,"x":695},{"frameY":-28,"y":821,"frameWidth":350,"frameHeight":200,"width":324,"height":162,"name":"小老鼠比赛0004","frameX":-14,"x":695},{"frameY":-28,"y":826,"frameWidth":350,"frameHeight":200,"width":324,"height":162,"name":"小老鼠比赛0003","frameX":-14,"x":327},{"frameY":-28,"y":985,"frameWidth":350,"frameHeight":200,"width":324,"height":162,"name":"小老鼠比赛0002","frameX":-14,"x":653},{"frameY":-28,"y":1,"frameWidth":350,"frameHeight":200,"width":324,"height":162,"name":"小老鼠比赛0001","frameX":-14,"x":695},{"frameY":-23,"y":1,"frameWidth":350,"frameHeight":200,"width":345,"height":163,"name":"小老鼠0010","frameX":-3,"x":348},{"frameY":-23,"y":166,"frameWidth":350,"frameHeight":200,"width":345,"height":163,"name":"小老鼠0009","frameX":-3,"x":1},{"frameY":-23,"y":661,"frameWidth":350,"frameHeight":200,"width":345,"height":163,"name":"小老鼠0008","frameX":-3,"x":348},{"frameY":-23,"y":166,"frameWidth":350,"frameHeight":200,"width":345,"height":163,"name":"小老鼠0007","frameX":-3,"x":348},{"frameY":-23,"y":331,"frameWidth":350,"frameHeight":200,"width":345,"height":163,"name":"小老鼠0006","frameX":-3,"x":348},{"frameY":-23,"y":661,"frameWidth":350,"frameHeight":200,"width":345,"height":163,"name":"小老鼠0005","frameX":-3,"x":1},{"frameY":-23,"y":496,"frameWidth":350,"frameHeight":200,"width":345,"height":163,"name":"小老鼠0004","frameX":-3,"x":1},{"frameY":-23,"y":331,"frameWidth":350,"frameHeight":200,"width":345,"height":163,"name":"小老鼠0003","frameX":-3,"x":1},{"frameY":-23,"y":496,"frameWidth":350,"frameHeight":200,"width":345,"height":163,"name":"小老鼠0002","frameX":-3,"x":348},{"frameY":-23,"y":1,"frameWidth":350,"frameHeight":200,"width":345,"height":163,"name":"小老鼠0001","frameX":-3,"x":1}]}