{"width":1024,"imagePath":"xiaolaoshu_tex.png","height":512,"name":"xiaolaoshu","SubTexture":[{"frameY":-18,"y":273,"frameWidth":200,"frameX":-14,"frameHeight":100,"width":174,"height":64,"name":"右0008","x":247},{"frameY":-18,"y":405,"frameWidth":200,"frameX":-14,"frameHeight":100,"width":173,"height":64,"name":"右0007","x":528},{"frameY":-18,"y":1,"frameWidth":200,"frameX":-15,"frameHeight":100,"width":174,"height":66,"name":"右0006","x":319},{"frameY":-18,"y":70,"frameWidth":200,"frameX":-15,"frameHeight":100,"width":174,"height":67,"name":"右0005","x":177},{"frameY":-18,"y":206,"frameWidth":200,"frameX":-14,"frameHeight":100,"width":173,"height":65,"name":"右0004","x":247},{"frameY":-18,"y":412,"frameWidth":200,"frameX":-13,"frameHeight":100,"width":174,"height":65,"name":"右0003","x":176},{"frameY":-18,"y":206,"frameWidth":200,"frameX":-14,"frameHeight":100,"width":174,"height":67,"name":"右0002","x":71},{"frameY":-18,"y":135,"frameWidth":200,"frameX":-12,"frameHeight":100,"width":174,"height":69,"name":"右0001","x":1},{"frameY":-18,"y":69,"frameWidth":200,"frameX":-13,"frameHeight":100,"width":173,"height":64,"name":"左0008","x":353},{"frameY":-18,"y":1,"frameWidth":200,"frameX":-13,"frameHeight":100,"width":174,"height":63,"name":"左0007","x":495},{"frameY":-18,"y":412,"frameWidth":200,"frameX":-12,"frameHeight":100,"width":174,"height":65,"name":"左0006","x":352},{"frameY":-18,"y":344,"frameWidth":200,"frameX":-12,"frameHeight":100,"width":173,"height":66,"name":"左0005","x":176},{"frameY":-18,"y":339,"frameWidth":200,"frameX":-13,"frameHeight":100,"width":174,"height":64,"name":"左0004","x":422},{"frameY":-18,"y":139,"frameWidth":200,"frameX":-13,"frameHeight":100,"width":174,"height":65,"name":"左0003","x":177},{"frameY":-17,"y":275,"frameWidth":200,"frameX":-12,"frameHeight":100,"width":174,"height":67,"name":"左0002","x":71},{"frameY":-18,"y":384,"frameWidth":200,"frameX":-15,"frameHeight":100,"width":173,"height":68,"name":"左0001","x":1},{"frameY":-54,"y":206,"frameWidth":250,"frameX":-131,"frameHeight":250,"width":68,"height":176,"name":"转0003","x":1},{"frameY":-36,"y":1,"frameWidth":250,"frameX":-64,"frameHeight":250,"width":138,"height":132,"name":"转0002","x":1},{"frameY":-37,"y":1,"frameWidth":250,"frameX":-26,"frameHeight":250,"width":176,"height":67,"name":"转0001","x":141}]}