{"width":4096,"imagePath":"guangxian01_tex.png","height":2048,"name":"guangxian01","SubTexture":[{"y":1285,"frameX":0,"frameHeight":640,"frameY":0,"width":630,"frameWidth":640,"height":640,"name":"未标题-8","x":1275},{"y":1,"frameX":-5,"frameHeight":640,"frameY":0,"width":625,"frameWidth":640,"height":640,"name":"未标题-5","x":3166},{"y":1,"frameX":0,"frameHeight":640,"frameY":0,"width":630,"frameWidth":640,"height":640,"name":"未标题-3","x":1275},{"y":1285,"frameX":0,"frameHeight":640,"frameY":0,"width":615,"frameWidth":640,"height":640,"name":"未标题-16","x":2539},{"y":643,"frameX":-5,"frameHeight":640,"frameY":0,"width":625,"frameWidth":640,"height":640,"name":"未标题-6","x":2539},{"y":1,"frameX":0,"frameHeight":640,"frameY":0,"width":625,"frameWidth":640,"height":640,"name":"未标题-1","x":2539},{"width":640,"y":1,"height":640,"name":"未标题-14","x":1},{"y":643,"frameX":0,"frameHeight":640,"frameY":0,"width":630,"frameWidth":640,"height":640,"name":"未标题-7","x":1907},{"y":1,"frameX":0,"frameHeight":640,"frameY":0,"width":630,"frameWidth":640,"height":640,"name":"未标题-11","x":1907},{"y":1,"frameX":0,"frameHeight":640,"frameY":0,"width":630,"frameWidth":640,"height":640,"name":"未标题-12","x":643},{"y":1285,"frameX":0,"frameHeight":640,"frameY":0,"width":630,"frameWidth":640,"height":640,"name":"未标题-4","x":1907},{"y":643,"frameX":0,"frameHeight":640,"frameY":0,"width":630,"frameWidth":640,"height":640,"name":"未标题-10","x":1275},{"y":1285,"frameX":0,"frameHeight":640,"frameY":0,"width":630,"frameWidth":640,"height":640,"name":"未标题-2","x":643},{"y":643,"frameX":0,"frameHeight":640,"frameY":0,"width":630,"frameWidth":640,"height":640,"name":"未标题-13","x":643},{"width":640,"y":643,"height":640,"name":"未标题-15","x":1},{"width":640,"y":1285,"height":640,"name":"未标题-9","x":1}]}