{
    "frameRate": 24,
    "name": "shuzigundong",
    "version": "5.5",
    "compatibleVersion": "5.5",
    "armature": [
        {
            "type": "Sheet",
            "frameRate": 24,
            "name": "shuzigundong",
            "aabb": {
                "x": -16.43,
                "y": -9.79,
                "width": 100,
                "height": 100
            },
            "bone": [
                {
                    "name": "root"
                }
            ],
            "slot": [
                {
                    "name": "sheetSlot",
                    "parent": "root"
                }
            ],
            "skin": [
                {
                    "slot": [
                        {
                            "name": "sheetSlot",
                            "display": [
                                {
                                    "name": "球转0003",
                                    "transform": {
                                        "x": 33.57,
                                        "y": 40.21
                                    }
                                },
                                {
                                    "name": "球转0002",
                                    "transform": {
                                        "x": 33.57,
                                        "y": 40.21
                                    }
                                },
                                {
                                    "name": "球转0001",
                                    "transform": {
                                        "x": 33.57,
                                        "y": 40.21
                                    }
                                }
                            ]
                        }
                    ]
                }
            ],
            "animation": [
                {
                    "duration": 3,
                    "playTimes": 0,
                    "name": "shuzigundong",
                    "slot": [
                        {
                            "name": "sheetSlot",
                            "displayFrame": [
                                {},
                                {
                                    "value": 1
                                },
                                {
                                    "value": 2
                                }
                            ]
                        }
                    ]
                }
            ],
            "defaultActions": [
                {
                    "gotoAndPlay": "shuzigundong"
                }
            ]
        }
    ]
}