{"width":2048,"SubTexture":[{"frameWidth":996,"y":1341,"frameHeight":705,"width":990,"frameX":-3,"height":553,"name":"huanletaiqiu_05_1","frameY":0,"x":911},{"width":908,"y":671,"height":668,"name":"QQ图片20181102141326","x":1},{"width":908,"y":1,"height":668,"name":"QQ图片20181102105655","x":911},{"width":908,"y":1341,"height":668,"name":"QQ图片20181102142117","x":1},{"width":908,"y":1,"height":668,"name":"QQ图片20181102105705","x":1},{"width":908,"y":671,"height":668,"name":"huanletaiqiu_06","x":911},{"frameWidth":996,"y":2539,"frameHeight":705,"width":996,"frameX":0,"height":152,"name":"huanletaiqiu_05_2","frameY":-553,"x":1},{"frameWidth":600,"y":1896,"frameHeight":700,"width":565,"frameX":-19,"height":641,"name":"左手","frameY":-31,"x":1479},{"frameWidth":600,"y":1896,"frameHeight":700,"width":566,"frameX":-17,"height":641,"name":"右手","frameY":-31,"x":911}],"height":4096,"name":"taiqiu","imagePath":"taiqiu_tex.png"}