{
    "frameRate": 24,
    "name": "yanhua01",
    "version": "5.5",
    "compatibleVersion": "5.5",
    "armature": [
        {
            "type": "Sheet",
            "frameRate": 24,
            "name": "yanhua01",
            "aabb": {
                "x": -512,
                "y": -256,
                "width": 1024,
                "height": 512
            },
            "bone": [
                {
                    "name": "root"
                }
            ],
            "slot": [
                {
                    "displayIndex": 33,
                    "name": "sheetSlot",
                    "parent": "root"
                }
            ],
            "skin": [
                {
                    "slot": [
                        {
                            "name": "sheetSlot",
                            "display": [
                                {
                                    "name": "未标题-28"
                                },
                                {
                                    "name": "未标题-29"
                                },
                                {
                                    "name": "未标题-30"
                                },
                                {
                                    "name": "未标题-31"
                                },
                                {
                                    "name": "未标题-32"
                                },
                                {
                                    "name": "未标题-33"
                                },
                                {
                                    "name": "未标题-34"
                                },
                                {
                                    "name": "未标题-35"
                                },
                                {
                                    "name": "未标题-36"
                                },
                                {
                                    "name": "未标题-37"
                                },
                                {
                                    "name": "未标题-38"
                                },
                                {
                                    "name": "未标题-39"
                                },
                                {
                                    "name": "未标题-40"
                                },
                                {
                                    "name": "未标题-41"
                                },
                                {
                                    "name": "未标题-1"
                                },
                                {
                                    "name": "未标题-2"
                                },
                                {
                                    "name": "未标题-3"
                                },
                                {
                                    "name": "未标题-4"
                                },
                                {
                                    "name": "未标题-5"
                                },
                                {
                                    "name": "未标题-6"
                                },
                                {
                                    "name": "未标题-7"
                                },
                                {
                                    "name": "未标题-8"
                                },
                                {
                                    "name": "未标题-9"
                                },
                                {
                                    "name": "未标题-10"
                                },
                                {
                                    "name": "未标题-11"
                                },
                                {
                                    "name": "未标题-12"
                                },
                                {
                                    "name": "未标题-13"
                                },
                                {
                                    "name": "未标题-14"
                                },
                                {
                                    "name": "未标题-15"
                                },
                                {
                                    "name": "未标题-16"
                                },
                                {
                                    "name": "未标题-17"
                                },
                                {
                                    "name": "未标题-18"
                                },
                                {
                                    "name": "未标题-19"
                                },
                                {
                                    "name": "未标题-20"
                                },
                                {
                                    "name": "未标题-21"
                                },
                                {
                                    "name": "未标题-22"
                                },
                                {
                                    "name": "未标题-23"
                                },
                                {
                                    "name": "未标题-24"
                                },
                                {
                                    "name": "未标题-25"
                                },
                                {
                                    "name": "未标题-26"
                                },
                                {
                                    "name": "未标题-27"
                                }
                            ]
                        }
                    ]
                }
            ],
            "animation": [
                {
                    "duration": 41,
                    "playTimes": 0,
                    "name": "yanhua01",
                    "slot": [
                        {
                            "name": "sheetSlot",
                            "displayFrame": [
                                {},
                                {
                                    "value": 1
                                },
                                {
                                    "value": 2
                                },
                                {
                                    "value": 3
                                },
                                {
                                    "value": 4
                                },
                                {
                                    "value": 5
                                },
                                {
                                    "value": 6
                                },
                                {
                                    "value": 7
                                },
                                {
                                    "value": 8
                                },
                                {
                                    "value": 9
                                },
                                {
                                    "value": 10
                                },
                                {
                                    "value": 11
                                },
                                {
                                    "value": 12
                                },
                                {
                                    "value": 13
                                },
                                {
                                    "value": 14
                                },
                                {
                                    "value": 15
                                },
                                {
                                    "value": 16
                                },
                                {
                                    "value": 17
                                },
                                {
                                    "value": 18
                                },
                                {
                                    "value": 19
                                },
                                {
                                    "value": 20
                                },
                                {
                                    "value": 21
                                },
                                {
                                    "value": 22
                                },
                                {
                                    "value": 23
                                },
                                {
                                    "value": 24
                                },
                                {
                                    "value": 25
                                },
                                {
                                    "value": 26
                                },
                                {
                                    "value": 27
                                },
                                {
                                    "value": 28
                                },
                                {
                                    "value": 29
                                },
                                {
                                    "value": 30
                                },
                                {
                                    "value": 31
                                },
                                {
                                    "value": 32
                                },
                                {
                                    "value": 33
                                },
                                {
                                    "value": 34
                                },
                                {
                                    "value": 35
                                },
                                {
                                    "value": 36
                                },
                                {
                                    "value": 37
                                },
                                {
                                    "value": 38
                                },
                                {
                                    "value": 39
                                },
                                {
                                    "value": 40
                                }
                            ]
                        }
                    ]
                }
            ],
            "defaultActions": [
                {
                    "gotoAndPlay": "yanhua01"
                }
            ]
        }
    ]
}