{"width":2048,"imagePath":"yanhua01_tex.png","height":2048,"name":"yanhua01","SubTexture":[{"y":278,"frameX":-364,"frameHeight":512,"frameY":-124,"width":350,"frameWidth":1024,"height":264,"name":"未标题-36","x":1612},{"y":1050,"frameX":-410,"frameHeight":512,"frameY":-179,"width":89,"frameWidth":1024,"height":84,"name":"未标题-27","x":361},{"y":817,"frameX":-214,"frameHeight":512,"frameY":-84,"width":127,"frameWidth":1024,"height":127,"name":"未标题-14","x":495},{"y":953,"frameX":-229,"frameHeight":512,"frameY":-102,"width":97,"frameWidth":1024,"height":95,"name":"未标题-11","x":361},{"y":637,"frameX":-233,"frameHeight":512,"frameY":-106,"width":89,"frameWidth":1024,"height":87,"name":"未标题-10","x":1954},{"y":1177,"frameX":-206,"frameHeight":512,"frameY":-74,"width":143,"frameWidth":1024,"height":143,"name":"未标题-15","x":1678},{"y":800,"frameX":-382,"frameHeight":512,"frameY":-146,"width":314,"frameWidth":1024,"height":224,"name":"未标题-32","x":1542},{"y":976,"frameX":-578,"frameHeight":512,"frameY":-250,"width":151,"frameWidth":1024,"height":154,"name":"未标题-41","x":1858},{"y":805,"frameX":-359,"frameHeight":512,"frameY":-119,"width":358,"frameWidth":1024,"height":273,"name":"未标题-37","x":1},{"y":299,"frameX":-349,"frameHeight":512,"frameY":-82,"width":446,"frameWidth":1024,"height":265,"name":"未标题-20","x":1},{"y":544,"frameX":-368,"frameHeight":512,"frameY":-129,"width":340,"frameWidth":1024,"height":254,"name":"未标题-35","x":1612},{"y":1,"frameX":-724,"frameHeight":512,"frameY":-86,"width":165,"frameWidth":1024,"height":167,"name":"未标题-5","x":1876},{"y":817,"frameX":-217,"frameHeight":512,"frameY":-88,"width":121,"frameWidth":1024,"height":119,"name":"未标题-13","x":752},{"y":1026,"frameX":-733,"frameHeight":512,"frameY":-95,"width":148,"frameWidth":1024,"height":149,"name":"未标题-4","x":1678},{"y":800,"frameX":-721,"frameHeight":512,"frameY":-82,"width":172,"frameWidth":1024,"height":174,"name":"未标题-6","x":1858},{"y":938,"frameX":-396,"frameHeight":512,"frameY":-162,"width":117,"frameWidth":1024,"height":114,"name":"未标题-29","x":752},{"y":817,"frameX":-391,"frameHeight":512,"frameY":-157,"width":126,"frameWidth":1024,"height":123,"name":"未标题-30","x":624},{"y":1279,"frameX":-739,"frameHeight":512,"frameY":-100,"width":136,"frameWidth":1024,"height":138,"name":"未标题-3","x":1823},{"y":1026,"frameX":-202,"frameHeight":512,"frameY":-70,"width":151,"frameWidth":1024,"height":151,"name":"未标题-16","x":1525},{"y":968,"frameX":-386,"frameHeight":512,"frameY":-151,"width":305,"frameWidth":1024,"height":213,"name":"未标题-31","x":1218},{"y":544,"frameX":-762,"frameHeight":512,"frameY":-124,"width":90,"frameWidth":1024,"height":91,"name":"未标题-1","x":1954},{"y":566,"frameX":-362,"frameHeight":512,"frameY":-96,"width":422,"frameWidth":1024,"height":237,"name":"未标题-17","x":1},{"y":1,"frameX":-342,"frameHeight":512,"frameY":-74,"width":462,"frameWidth":1024,"height":281,"name":"未标题-23","x":954},{"y":276,"frameX":-414,"frameHeight":512,"frameY":-184,"width":80,"frameWidth":1024,"height":75,"name":"未标题-26","x":1964},{"y":1,"frameX":-344,"frameHeight":512,"frameY":-77,"width":456,"frameWidth":1024,"height":275,"name":"未标题-22","x":1418},{"y":817,"frameX":-588,"frameHeight":512,"frameY":-261,"width":132,"frameWidth":1024,"height":134,"name":"未标题-38","x":361},{"y":1179,"frameX":-586,"frameHeight":512,"frameY":-258,"width":136,"frameWidth":1024,"height":139,"name":"未标题-39","x":1525},{"y":284,"frameX":-244,"frameHeight":512,"frameY":-73,"width":656,"frameWidth":1024,"height":191,"name":"未标题-8","x":954},{"y":477,"frameX":-715,"frameHeight":512,"frameY":-76,"width":183,"frameWidth":1024,"height":186,"name":"未标题-7","x":1372},{"y":734,"frameX":-372,"frameHeight":512,"frameY":-135,"width":333,"frameWidth":1024,"height":243,"name":"未标题-34","x":883},{"y":170,"frameX":-400,"frameHeight":512,"frameY":-167,"width":108,"frameWidth":1024,"height":104,"name":"未标题-28","x":1876},{"y":946,"frameX":-221,"frameHeight":512,"frameY":-93,"width":113,"frameWidth":1024,"height":110,"name":"未标题-12","x":495},{"y":565,"frameX":-357,"frameHeight":512,"frameY":-89,"width":432,"frameWidth":1024,"height":250,"name":"未标题-18","x":449},{"y":734,"frameX":-377,"frameHeight":512,"frameY":-141,"width":322,"frameWidth":1024,"height":232,"name":"未标题-33","x":1218},{"y":1,"frameX":-334,"frameHeight":512,"frameY":-66,"width":477,"frameWidth":1024,"height":296,"name":"未标题-25","x":1},{"y":477,"frameX":-354,"frameHeight":512,"frameY":-87,"width":436,"frameWidth":1024,"height":255,"name":"未标题-19","x":934},{"y":942,"frameX":-751,"frameHeight":512,"frameY":-113,"width":112,"frameWidth":1024,"height":114,"name":"未标题-2","x":624},{"y":1132,"frameX":-583,"frameHeight":512,"frameY":-256,"width":142,"frameWidth":1024,"height":145,"name":"未标题-40","x":1828},{"y":1,"frameX":-336,"frameHeight":512,"frameY":-69,"width":472,"frameWidth":1024,"height":290,"name":"未标题-24","x":480},{"y":726,"frameX":-240,"frameHeight":512,"frameY":-115,"width":75,"frameWidth":1024,"height":72,"name":"未标题-9","x":1954},{"y":293,"frameX":-346,"frameHeight":512,"frameY":-79,"width":452,"frameWidth":1024,"height":270,"name":"未标题-21","x":480}]}