{"width":4096,"imagePath":"chi1-1_tex.png","height":4096,"name":"chi1-1","SubTexture":[{"frameY":-268,"y":2800,"frameWidth":900,"frameX":-9,"frameHeight":1000,"width":887,"height":634,"name":"恐龙-20018","x":890},{"frameY":-266,"y":1589,"frameWidth":900,"frameX":-9,"frameHeight":1000,"width":887,"height":636,"name":"恐龙-20016","x":1779},{"frameY":-268,"y":2807,"frameWidth":900,"frameX":-9,"frameHeight":1000,"width":887,"height":634,"name":"恐龙-20015","x":2668},{"frameY":-81,"y":1,"frameWidth":900,"frameX":-9,"frameHeight":1000,"width":887,"height":821,"name":"恐龙-20006","x":1779},{"frameY":-266,"y":2162,"frameWidth":900,"frameX":-9,"frameHeight":1000,"width":887,"height":636,"name":"恐龙-20017","x":890},{"frameY":0,"y":905,"frameWidth":900,"frameX":-9,"frameHeight":1000,"width":887,"height":902,"name":"恐龙-20001","x":1},{"frameY":-266,"y":1524,"frameWidth":900,"frameX":-9,"frameHeight":1000,"width":887,"height":636,"name":"恐龙-20021","x":890},{"frameY":-268,"y":2863,"frameWidth":900,"frameX":-9,"frameHeight":1000,"width":887,"height":634,"name":"恐龙-20010","x":1779},{"frameY":0,"y":1809,"frameWidth":900,"frameX":-9,"frameHeight":1000,"width":887,"height":902,"name":"恐龙-20003","x":1},{"frameY":-266,"y":2169,"frameWidth":900,"frameX":-9,"frameHeight":1000,"width":887,"height":636,"name":"恐龙-20012","x":2668},{"frameY":0,"y":1,"frameWidth":900,"frameX":-9,"frameHeight":1000,"width":887,"height":902,"name":"恐龙-20004","x":1},{"frameY":-268,"y":3436,"frameWidth":900,"frameX":-9,"frameHeight":1000,"width":887,"height":634,"name":"恐龙-20014","x":890},{"frameY":-266,"y":886,"frameWidth":900,"frameX":-9,"frameHeight":1000,"width":887,"height":636,"name":"恐龙-20020","x":890},{"frameY":-19,"y":1,"frameWidth":900,"frameX":-9,"frameHeight":1000,"width":887,"height":883,"name":"恐龙-20005","x":890},{"frameY":0,"y":2713,"frameWidth":900,"frameX":-9,"frameHeight":1000,"width":887,"height":902,"name":"恐龙-20002","x":1},{"frameY":-268,"y":2227,"frameWidth":900,"frameX":-9,"frameHeight":1000,"width":887,"height":634,"name":"恐龙-20019","x":1779},{"frameY":-266,"y":1531,"frameWidth":900,"frameX":-9,"frameHeight":1000,"width":887,"height":636,"name":"恐龙-20013","x":2668},{"frameY":-139,"y":824,"frameWidth":900,"frameX":-9,"frameHeight":1000,"width":887,"height":763,"name":"恐龙-20008","x":1779},{"frameY":-139,"y":1,"frameWidth":900,"frameX":-9,"frameHeight":1000,"width":887,"height":763,"name":"恐龙-20007","x":2668},{"frameY":-139,"y":766,"frameWidth":900,"frameX":-9,"frameHeight":1000,"width":887,"height":763,"name":"恐龙-20009","x":2668},{"frameY":-268,"y":3443,"frameWidth":900,"frameX":-9,"frameHeight":1000,"width":887,"height":634,"name":"恐龙-20011","x":2668}]}