{"width":4096,"imagePath":"chi2-2_tex.png","height":4096,"name":"chi2-2","SubTexture":[{"frameY":-309,"y":3178,"frameWidth":900,"frameX":-9,"frameHeight":1000,"width":887,"height":593,"name":"恐龙-20006","x":890},{"frameY":-268,"y":1936,"frameWidth":900,"frameX":-9,"frameHeight":1000,"width":887,"height":634,"name":"恐龙-20024","x":890},{"frameY":-309,"y":3144,"frameWidth":900,"frameX":-9,"frameHeight":1000,"width":887,"height":593,"name":"恐龙-20007","x":2668},{"frameY":-298,"y":1968,"frameWidth":900,"frameX":-9,"frameHeight":1000,"width":887,"height":604,"name":"恐龙-20009","x":1},{"frameY":-309,"y":1,"frameWidth":900,"frameX":-9,"frameHeight":1000,"width":887,"height":659,"name":"恐龙-20003","x":890},{"frameY":-266,"y":1,"frameWidth":900,"frameX":-9,"frameHeight":1000,"width":887,"height":636,"name":"恐龙-20014","x":1779},{"frameY":-266,"y":639,"frameWidth":900,"frameX":-9,"frameHeight":1000,"width":887,"height":636,"name":"恐龙-20021","x":2668},{"frameY":-268,"y":1915,"frameWidth":900,"frameX":-9,"frameHeight":1000,"width":887,"height":634,"name":"恐龙-20016","x":1779},{"frameY":-309,"y":2574,"frameWidth":900,"frameX":-9,"frameHeight":1000,"width":887,"height":593,"name":"恐龙-20004","x":1},{"frameY":-266,"y":1277,"frameWidth":900,"frameX":-9,"frameHeight":1000,"width":887,"height":636,"name":"恐龙-20001","x":1779},{"frameY":-268,"y":1300,"frameWidth":900,"frameX":-9,"frameHeight":1000,"width":887,"height":634,"name":"恐龙-20015","x":890},{"frameY":-266,"y":662,"frameWidth":900,"frameX":-9,"frameHeight":1000,"width":887,"height":636,"name":"恐龙-20018","x":890},{"frameY":-266,"y":694,"frameWidth":900,"frameX":-9,"frameHeight":1000,"width":887,"height":636,"name":"恐龙-20013","x":1},{"frameY":-298,"y":2572,"frameWidth":900,"frameX":-9,"frameHeight":1000,"width":887,"height":604,"name":"恐龙-20010","x":890},{"frameY":-268,"y":3187,"frameWidth":900,"frameX":-9,"frameHeight":1000,"width":887,"height":634,"name":"恐龙-20012","x":1779},{"frameY":-309,"y":1,"frameWidth":900,"frameX":-9,"frameHeight":1000,"width":887,"height":691,"name":"恐龙-20002","x":1},{"frameY":-268,"y":2551,"frameWidth":900,"frameX":-9,"frameHeight":1000,"width":887,"height":634,"name":"恐龙-20011","x":1779},{"frameY":-268,"y":1913,"frameWidth":900,"frameX":-9,"frameHeight":1000,"width":887,"height":634,"name":"恐龙-20023","x":2668},{"frameY":-309,"y":2549,"frameWidth":900,"frameX":-9,"frameHeight":1000,"width":887,"height":593,"name":"恐龙-20005","x":2668},{"frameY":-268,"y":1277,"frameWidth":900,"frameX":-9,"frameHeight":1000,"width":887,"height":634,"name":"恐龙-20020","x":2668},{"frameY":-266,"y":1,"frameWidth":900,"frameX":-9,"frameHeight":1000,"width":887,"height":636,"name":"恐龙-20017","x":2668},{"frameY":-268,"y":1332,"frameWidth":900,"frameX":-9,"frameHeight":1000,"width":887,"height":634,"name":"恐龙-20019","x":1},{"frameY":-309,"y":3169,"frameWidth":900,"frameX":-9,"frameHeight":1000,"width":887,"height":593,"name":"恐龙-20008","x":1},{"frameY":-266,"y":639,"frameWidth":900,"frameX":-9,"frameHeight":1000,"width":887,"height":636,"name":"恐龙-20022","x":1779}]}