{"width":4096,"imagePath":"chi3-3_tex.png","height":4096,"name":"chi3-3","SubTexture":[{"frameY":-174,"y":731,"frameWidth":900,"frameX":-9,"frameHeight":1000,"width":887,"height":728,"name":"恐龙-20007","x":1},{"frameY":-174,"y":731,"frameWidth":900,"frameX":-9,"frameHeight":1000,"width":887,"height":728,"name":"恐龙-20005","x":2668},{"frameY":-268,"y":2099,"frameWidth":900,"frameX":-9,"frameHeight":1000,"width":887,"height":634,"name":"恐龙-20023","x":1779},{"frameY":-268,"y":3371,"frameWidth":900,"frameX":-9,"frameHeight":1000,"width":887,"height":634,"name":"恐龙-20012","x":2668},{"frameY":-268,"y":2737,"frameWidth":900,"frameX":-9,"frameHeight":1000,"width":887,"height":634,"name":"恐龙-20020","x":890},{"frameY":-174,"y":1,"frameWidth":900,"frameX":-9,"frameHeight":1000,"width":887,"height":728,"name":"恐龙-20008","x":2692},{"frameY":-268,"y":2735,"frameWidth":900,"frameX":-9,"frameHeight":1000,"width":887,"height":634,"name":"恐龙-20019","x":2668},{"frameY":-268,"y":3371,"frameWidth":900,"frameX":-9,"frameHeight":1000,"width":887,"height":634,"name":"恐龙-20024","x":1779},{"frameY":-266,"y":2099,"frameWidth":900,"frameX":-9,"frameHeight":1000,"width":887,"height":636,"name":"恐龙-20017","x":890},{"frameY":-174,"y":731,"frameWidth":900,"frameX":-9,"frameHeight":1000,"width":887,"height":728,"name":"恐龙-20006","x":1779},{"frameY":-174,"y":731,"frameWidth":900,"frameX":-9,"frameHeight":1000,"width":887,"height":728,"name":"恐龙-20001","x":890},{"frameY":-174,"y":1,"frameWidth":900,"frameX":-3,"frameHeight":1000,"width":893,"height":728,"name":"恐龙-20004","x":1797},{"frameY":-266,"y":1461,"frameWidth":900,"frameX":-9,"frameHeight":1000,"width":887,"height":636,"name":"恐龙-20013","x":890},{"frameY":-268,"y":3373,"frameWidth":900,"frameX":-9,"frameHeight":1000,"width":887,"height":634,"name":"恐龙-20015","x":890},{"frameY":-268,"y":2099,"frameWidth":900,"frameX":-9,"frameHeight":1000,"width":887,"height":634,"name":"恐龙-20011","x":2668},{"frameY":-268,"y":2735,"frameWidth":900,"frameX":-9,"frameHeight":1000,"width":887,"height":634,"name":"恐龙-20016","x":1779},{"frameY":-174,"y":1,"frameWidth":900,"frameX":0,"frameHeight":1000,"width":896,"height":728,"name":"恐龙-20002","x":899},{"frameY":-266,"y":3427,"frameWidth":900,"frameX":-9,"frameHeight":1000,"width":887,"height":636,"name":"恐龙-20022","x":1},{"frameY":-174,"y":1,"frameWidth":900,"frameX":0,"frameHeight":1000,"width":896,"height":728,"name":"恐龙-20003","x":1},{"frameY":-266,"y":2789,"frameWidth":900,"frameX":-9,"frameHeight":1000,"width":887,"height":636,"name":"恐龙-20014","x":1},{"frameY":-266,"y":1461,"frameWidth":900,"frameX":-9,"frameHeight":1000,"width":887,"height":636,"name":"恐龙-20021","x":2668},{"frameY":-266,"y":1461,"frameWidth":900,"frameX":-9,"frameHeight":1000,"width":887,"height":636,"name":"恐龙-20018","x":1779},{"frameY":-240,"y":1461,"frameWidth":900,"frameX":-9,"frameHeight":1000,"width":887,"height":662,"name":"恐龙-20010","x":1},{"frameY":-240,"y":2125,"frameWidth":900,"frameX":-9,"frameHeight":1000,"width":887,"height":662,"name":"恐龙-20009","x":1}]}