{"width":4096,"imagePath":"chi4-4_tex.png","height":4096,"name":"chi4-4","SubTexture":[{"frameY":-268,"y":2095,"frameWidth":900,"frameX":-9,"frameHeight":1000,"width":887,"height":634,"name":"恐龙-20016","x":2668},{"frameY":-266,"y":2095,"frameWidth":900,"frameX":-9,"frameHeight":1000,"width":887,"height":636,"name":"恐龙-20014","x":890},{"frameY":-266,"y":1457,"frameWidth":900,"frameX":-9,"frameHeight":1000,"width":887,"height":636,"name":"恐龙-20017","x":1779},{"frameY":-176,"y":1,"frameWidth":900,"frameX":-9,"frameHeight":1000,"width":887,"height":726,"name":"恐龙-20004","x":2680},{"frameY":-176,"y":729,"frameWidth":900,"frameX":-9,"frameHeight":1000,"width":887,"height":726,"name":"恐龙-20005","x":890},{"frameY":-241,"y":2120,"frameWidth":900,"frameX":-9,"frameHeight":1000,"width":887,"height":661,"name":"恐龙-20009","x":1},{"frameY":-266,"y":1457,"frameWidth":900,"frameX":-9,"frameHeight":1000,"width":887,"height":636,"name":"恐龙-20018","x":890},{"frameY":-266,"y":3421,"frameWidth":900,"frameX":-9,"frameHeight":1000,"width":887,"height":636,"name":"恐龙-20022","x":1},{"frameY":-268,"y":2731,"frameWidth":900,"frameX":-9,"frameHeight":1000,"width":887,"height":634,"name":"恐龙-20024","x":1779},{"frameY":-266,"y":1457,"frameWidth":900,"frameX":-9,"frameHeight":1000,"width":887,"height":636,"name":"恐龙-20013","x":2668},{"frameY":-268,"y":3367,"frameWidth":900,"frameX":-9,"frameHeight":1000,"width":887,"height":634,"name":"恐龙-20012","x":2668},{"frameY":-176,"y":1,"frameWidth":900,"frameX":-9,"frameHeight":1000,"width":891,"height":726,"name":"恐龙-20002","x":894},{"frameY":-268,"y":2731,"frameWidth":900,"frameX":-9,"frameHeight":1000,"width":887,"height":634,"name":"恐龙-20011","x":2668},{"frameY":-241,"y":1457,"frameWidth":900,"frameX":-9,"frameHeight":1000,"width":887,"height":661,"name":"恐龙-20010","x":1},{"frameY":-268,"y":2095,"frameWidth":900,"frameX":-9,"frameHeight":1000,"width":887,"height":634,"name":"恐龙-20023","x":1779},{"frameY":-176,"y":1,"frameWidth":900,"frameX":-9,"frameHeight":1000,"width":891,"height":726,"name":"恐龙-20003","x":1},{"frameY":-268,"y":3369,"frameWidth":900,"frameX":-9,"frameHeight":1000,"width":887,"height":634,"name":"恐龙-20015","x":890},{"frameY":-176,"y":1,"frameWidth":900,"frameX":-9,"frameHeight":1000,"width":891,"height":726,"name":"恐龙-20001","x":1787},{"frameY":-266,"y":2783,"frameWidth":900,"frameX":-9,"frameHeight":1000,"width":887,"height":636,"name":"恐龙-20021","x":1},{"frameY":-176,"y":729,"frameWidth":900,"frameX":-9,"frameHeight":1000,"width":887,"height":726,"name":"恐龙-20006","x":1779},{"frameY":-268,"y":3367,"frameWidth":900,"frameX":-9,"frameHeight":1000,"width":887,"height":634,"name":"恐龙-20020","x":1779},{"frameY":-268,"y":2733,"frameWidth":900,"frameX":-9,"frameHeight":1000,"width":887,"height":634,"name":"恐龙-20019","x":890},{"frameY":-176,"y":729,"frameWidth":900,"frameX":-9,"frameHeight":1000,"width":887,"height":726,"name":"恐龙-20007","x":2668},{"frameY":-176,"y":729,"frameWidth":900,"frameX":-9,"frameHeight":1000,"width":887,"height":726,"name":"恐龙-20008","x":1}]}