{"width":4096,"SubTexture":[{"frameY":-276,"y":609,"frameWidth":1000,"frameX":-172,"frameHeight":1000,"width":636,"height":606,"name":"恐龙-10002","x":2553},{"frameY":-276,"y":1217,"frameWidth":1000,"frameX":-172,"frameHeight":1000,"width":636,"height":606,"name":"恐龙-10005","x":1915},{"frameY":-276,"y":609,"frameWidth":1000,"frameX":-172,"frameHeight":1000,"width":636,"height":606,"name":"恐龙-10025","x":3191},{"frameY":-276,"y":609,"frameWidth":1000,"frameX":-172,"frameHeight":1000,"width":636,"height":606,"name":"恐龙-10007","x":639},{"frameY":-276,"y":1825,"frameWidth":1000,"frameX":-172,"frameHeight":1000,"width":636,"height":606,"name":"恐龙-10010","x":1277},{"frameY":-276,"y":1825,"frameWidth":1000,"frameX":-172,"frameHeight":1000,"width":636,"height":606,"name":"恐龙-10016","x":1},{"frameY":-276,"y":1,"frameWidth":1000,"frameX":-172,"frameHeight":1000,"width":636,"height":606,"name":"恐龙-10015","x":1277},{"frameY":-276,"y":1,"frameWidth":1000,"frameX":-172,"frameHeight":1000,"width":636,"height":606,"name":"恐龙-10008","x":2553},{"frameY":-276,"y":609,"frameWidth":1000,"frameX":-172,"frameHeight":1000,"width":636,"height":606,"name":"恐龙-10018","x":1277},{"frameY":-276,"y":609,"frameWidth":1000,"frameX":-172,"frameHeight":1000,"width":636,"height":606,"name":"恐龙-10013","x":1915},{"frameY":-276,"y":1217,"frameWidth":1000,"frameX":-172,"frameHeight":1000,"width":636,"height":606,"name":"恐龙-10006","x":1277},{"frameY":-276,"y":609,"frameWidth":1000,"frameX":-172,"frameHeight":1000,"width":636,"height":606,"name":"恐龙-10001","x":1},{"frameY":-276,"y":1217,"frameWidth":1000,"frameX":-172,"frameHeight":1000,"width":636,"height":606,"name":"恐龙-10024","x":1},{"frameY":-276,"y":1217,"frameWidth":1000,"frameX":-172,"frameHeight":1000,"width":636,"height":606,"name":"恐龙-10019","x":639},{"frameY":-276,"y":3041,"frameWidth":1000,"frameX":-172,"frameHeight":1000,"width":636,"height":606,"name":"恐龙-10017","x":1},{"frameY":-276,"y":1217,"frameWidth":1000,"frameX":-172,"frameHeight":1000,"width":636,"height":606,"name":"恐龙-10022","x":3191},{"frameY":-276,"y":1,"frameWidth":1000,"frameX":-172,"frameHeight":1000,"width":636,"height":606,"name":"恐龙-10011","x":1915},{"frameY":-276,"y":1,"frameWidth":1000,"frameX":-172,"frameHeight":1000,"width":636,"height":606,"name":"恐龙-10009","x":639},{"frameY":-276,"y":3041,"frameWidth":1000,"frameX":-172,"frameHeight":1000,"width":636,"height":606,"name":"恐龙-10014","x":639},{"frameY":-276,"y":2433,"frameWidth":1000,"frameX":-172,"frameHeight":1000,"width":636,"height":606,"name":"恐龙-10012","x":639},{"frameY":-276,"y":1,"frameWidth":1000,"frameX":-172,"frameHeight":1000,"width":636,"height":606,"name":"恐龙-10021","x":1},{"frameY":-276,"y":1217,"frameWidth":1000,"frameX":-172,"frameHeight":1000,"width":636,"height":606,"name":"恐龙-10020","x":2553},{"frameY":-276,"y":1,"frameWidth":1000,"frameX":-172,"frameHeight":1000,"width":636,"height":606,"name":"恐龙-10023","x":3191},{"frameY":-276,"y":1825,"frameWidth":1000,"frameX":-172,"frameHeight":1000,"width":636,"height":606,"name":"恐龙-10003","x":639},{"frameY":-276,"y":2433,"frameWidth":1000,"frameX":-172,"frameHeight":1000,"width":636,"height":606,"name":"恐龙-10004","x":1}],"height":4096,"name":"heixian","imagePath":"heixian_tex.png"}