{"mc":{
	"heixian":{
		"frameRate":24,
		"events":[
			
			],
		"frames":[
			
			{
			"res":"743ECD69",
			"x":0,
			"y":0,
			"duration":4
			},
			{
			"res":"E49FDDAD",
			"x":19,
			"y":63,
			"duration":4
			},
			{
			"res":"36607497",
			"x":19,
			"y":63,
			"duration":4
			},
			{
			"res":"E4A742B6",
			"x":19,
			"y":63,
			"duration":5
			},
			{
			"res":"F2D0BE5B",
			"x":19,
			"y":81
			},
			{
			"res":"D55D5A53",
			"x":19,
			"y":99
			},
			{
			"res":"3C1D1A4E",
			"x":19,
			"y":117
			},
			{
			"res":"872BE7F1",
			"x":19,
			"y":135
			},
			{
			"res":"5473BCA5",
			"x":19,
			"y":154
			},
			{
			"res":"BA644CDC",
			"x":19,
			"y":172
			},
			{
			"res":"D85004E6",
			"x":19,
			"y":190
			},
			{
			"res":"9BAF7B53",
			"x":19,
			"y":208,
			"duration":6
			}
			]
}},
	"res":{
		"36607497":{"x":357,"y":171,"w":87,"h":127},
		"743ECD69":{"x":446,"y":1,"w":5,"h":5},
		"D55D5A53":{"x":1,"y":1,"w":87,"h":168},
		"3C1D1A4E":{"x":90,"y":1,"w":87,"h":168},
		"F2D0BE5B":{"x":179,"y":1,"w":87,"h":168},
		"D85004E6":{"x":268,"y":1,"w":87,"h":168},
		"E49FDDAD":{"x":357,"y":300,"w":87,"h":90},
		"9BAF7B53":{"x":357,"y":1,"w":87,"h":168},
		"872BE7F1":{"x":1,"y":171,"w":87,"h":168},
		"E4A742B6":{"x":268,"y":171,"w":87,"h":167},
		"5473BCA5":{"x":179,"y":171,"w":87,"h":167},
		"BA644CDC":{"x":90,"y":171,"w":87,"h":168}
	}}