{"frameRate":24,"name":"poke1","version":"5.5","compatibleVersion":"5.5","armature":[{"type":"Sheet","frameRate":24,"name":"Sprite","aabb":{"x":-500,"y":-500,"width":1000,"height":1000},"bone":[{"name":"root"}],"slot":[{"displayIndex":10,"name":"sheetSlot","parent":"root"}],"skin":[{"slot":[{"name":"sheetSlot","display":[{"name":"恐龙-10036"},{"name":"恐龙-10035"},{"name":"恐龙-10034"},{"name":"恐龙-10033"},{"name":"恐龙-10032"},{"name":"恐龙-10031"},{"name":"恐龙-10030"},{"name":"恐龙-10029"},{"name":"恐龙-10028"},{"name":"恐龙-10027"},{"name":"恐龙-10026"},{"name":"恐龙-10025"},{"name":"恐龙-10024"},{"name":"恐龙-10023"},{"name":"恐龙-10022"},{"name":"恐龙-10021"},{"name":"恐龙-10020"},{"name":"恐龙-10019"},{"name":"恐龙-10018"},{"name":"恐龙-10017"},{"name":"恐龙-10016"},{"name":"恐龙-10015"},{"name":"恐龙-10014"},{"name":"恐龙-10013"},{"name":"恐龙-10012"},{"name":"恐龙-10011"},{"name":"恐龙-10010"},{"name":"恐龙-10009"},{"name":"恐龙-10008"},{"name":"恐龙-10007"},{"name":"恐龙-10006"},{"name":"恐龙-10005"},{"name":"恐龙-10004"},{"name":"恐龙-10003"},{"name":"恐龙-10002"},{"name":"恐龙-10001"}]}]}],"animation":[{"duration":36,"playTimes":0,"name":"Sprite","slot":[{"name":"sheetSlot","displayFrame":[{},{"value":1},{"value":2},{"value":3},{"value":4},{"value":5},{"value":6},{"value":7},{"value":8},{"value":9},{"value":10},{"value":11},{"value":12},{"value":13},{"value":14},{"value":15},{"value":16},{"value":17},{"value":18},{"value":19},{"value":20},{"value":21},{"value":22},{"value":23},{"value":24},{"value":25},{"value":26},{"value":27},{"value":28},{"value":29},{"value":30},{"value":31},{"value":32},{"value":33},{"value":34},{"value":35}]}]}],"defaultActions":[{"gotoAndPlay":"Sprite"}]}]}