{"width":4096,"imagePath":"poke_tex.png","height":4096,"name":"poke","SubTexture":[{"frameY":-268,"y":2625,"frameWidth":900,"frameX":-114,"frameHeight":1000,"width":636,"height":614,"name":"恐龙-20011","x":1277},{"frameY":-268,"y":1269,"frameWidth":900,"frameX":-11,"frameHeight":1000,"width":869,"height":625,"name":"恐龙-20016","x":888},{"frameY":-268,"y":1,"frameWidth":900,"frameX":-9,"frameHeight":1000,"width":887,"height":634,"name":"恐龙-20025","x":1},{"frameY":-268,"y":1260,"frameWidth":900,"frameX":-12,"frameHeight":1000,"width":885,"height":620,"name":"恐龙-20018","x":2653},{"frameY":-268,"y":1,"frameWidth":900,"frameX":-9,"frameHeight":1000,"width":886,"height":634,"name":"恐龙-20024","x":2667},{"frameY":-186,"y":2498,"frameWidth":900,"frameX":-114,"frameHeight":1000,"width":636,"height":696,"name":"恐龙-20009","x":2553},{"frameY":-158,"y":2113,"frameWidth":900,"frameX":-114,"frameHeight":1000,"width":636,"height":724,"name":"恐龙-20003","x":1},{"frameY":-268,"y":637,"frameWidth":900,"frameX":-9,"frameHeight":1000,"width":885,"height":634,"name":"恐龙-20023","x":1},{"frameY":-101,"y":1896,"frameWidth":900,"frameX":-114,"frameHeight":1000,"width":636,"height":781,"name":"恐龙-20004","x":639},{"frameY":-268,"y":1,"frameWidth":900,"frameX":-9,"frameHeight":1000,"width":886,"height":634,"name":"恐龙-20022","x":1779},{"frameY":-173,"y":1909,"frameWidth":900,"frameX":-114,"frameHeight":1000,"width":636,"height":709,"name":"恐龙-20008","x":1915},{"frameY":-268,"y":637,"frameWidth":900,"frameX":-8,"frameHeight":1000,"width":888,"height":621,"name":"恐龙-20017","x":2653},{"frameY":-268,"y":1,"frameWidth":900,"frameX":-9,"frameHeight":1000,"width":887,"height":634,"name":"恐龙-20021","x":890},{"frameY":-273,"y":2679,"frameWidth":900,"frameX":-114,"frameHeight":1000,"width":636,"height":609,"name":"恐龙-20001","x":639},{"frameY":-268,"y":637,"frameWidth":900,"frameX":-19,"frameHeight":1000,"width":878,"height":631,"name":"恐龙-20019","x":1773},{"frameY":-268,"y":3221,"frameWidth":900,"frameX":-96,"frameHeight":1000,"width":654,"height":614,"name":"恐龙-20012","x":3191},{"frameY":-215,"y":2620,"frameWidth":900,"frameX":-114,"frameHeight":1000,"width":636,"height":667,"name":"恐龙-20002","x":1915},{"frameY":-268,"y":1270,"frameWidth":900,"frameX":-14,"frameHeight":1000,"width":826,"height":637,"name":"恐龙-20015","x":1759},{"frameY":-161,"y":1882,"frameWidth":900,"frameX":-114,"frameHeight":1000,"width":636,"height":721,"name":"恐龙-20006","x":3358},{"frameY":-228,"y":3196,"frameWidth":900,"frameX":-114,"frameHeight":1000,"width":636,"height":654,"name":"恐龙-20010","x":2553},{"frameY":-168,"y":1909,"frameWidth":900,"frameX":-114,"frameHeight":1000,"width":636,"height":714,"name":"恐龙-20007","x":1277},{"frameY":-268,"y":2605,"frameWidth":900,"frameX":-64,"frameHeight":1000,"width":704,"height":614,"name":"恐龙-20013","x":3191},{"frameY":-44,"y":1273,"frameWidth":900,"frameX":-114,"frameHeight":1000,"width":636,"height":838,"name":"恐龙-20005","x":1},{"frameY":-268,"y":1882,"frameWidth":900,"frameX":-32,"frameHeight":1000,"width":769,"height":614,"name":"恐龙-20014","x":2587},{"frameY":-268,"y":637,"frameWidth":900,"frameX":-13,"frameHeight":1000,"width":883,"height":630,"name":"恐龙-20020","x":888}]}