{"width":4096,"SubTexture":[{"frameY":-276,"y":2434,"frameWidth":1000,"frameX":-172,"frameHeight":1000,"width":636,"height":606,"name":"恐龙-10020","x":3191},{"frameY":-276,"y":3042,"frameWidth":1000,"frameX":-172,"frameHeight":1000,"width":636,"height":606,"name":"恐龙-10035","x":1915},{"frameY":-275,"y":1,"frameWidth":1000,"frameX":-172,"frameHeight":1000,"width":636,"height":607,"name":"恐龙-10024","x":1915},{"frameY":-275,"y":3046,"frameWidth":1000,"frameX":-172,"frameHeight":1000,"width":636,"height":607,"name":"恐龙-10006","x":1},{"frameY":-276,"y":1219,"frameWidth":1000,"frameX":-172,"frameHeight":1000,"width":636,"height":606,"name":"恐龙-10011","x":639},{"frameY":-276,"y":1827,"frameWidth":1000,"frameX":-172,"frameHeight":1000,"width":636,"height":606,"name":"恐龙-10026","x":639},{"frameY":-275,"y":1,"frameWidth":1000,"frameX":-172,"frameHeight":1000,"width":636,"height":607,"name":"恐龙-10018","x":3191},{"frameY":-276,"y":3042,"frameWidth":1000,"frameX":-172,"frameHeight":1000,"width":636,"height":606,"name":"恐龙-10021","x":2553},{"frameY":-276,"y":1218,"frameWidth":1000,"frameX":-172,"frameHeight":1000,"width":636,"height":606,"name":"恐龙-10029","x":3191},{"frameY":-276,"y":3042,"frameWidth":1000,"frameX":-172,"frameHeight":1000,"width":636,"height":606,"name":"恐龙-10001","x":1277},{"frameY":-275,"y":2437,"frameWidth":1000,"frameX":-172,"frameHeight":1000,"width":636,"height":607,"name":"恐龙-10012","x":1},{"frameY":-275,"y":1,"frameWidth":1000,"frameX":-172,"frameHeight":1000,"width":636,"height":607,"name":"恐龙-10027","x":1277},{"frameY":-276,"y":1218,"frameWidth":1000,"frameX":-172,"frameHeight":1000,"width":636,"height":606,"name":"恐龙-10031","x":2553},{"frameY":-276,"y":610,"frameWidth":1000,"frameX":-172,"frameHeight":1000,"width":636,"height":606,"name":"恐龙-10033","x":1915},{"frameY":-275,"y":1219,"frameWidth":1000,"frameX":-172,"frameHeight":1000,"width":636,"height":607,"name":"恐龙-10025","x":1},{"frameY":-276,"y":2434,"frameWidth":1000,"frameX":-172,"frameHeight":1000,"width":636,"height":606,"name":"恐龙-10023","x":1277},{"frameY":-275,"y":610,"frameWidth":1000,"frameX":-172,"frameHeight":1000,"width":636,"height":607,"name":"恐龙-10010","x":639},{"frameY":-276,"y":1826,"frameWidth":1000,"frameX":-172,"frameHeight":1000,"width":636,"height":606,"name":"恐龙-10030","x":1915},{"frameY":-275,"y":1,"frameWidth":1000,"frameX":-172,"frameHeight":1000,"width":636,"height":607,"name":"恐龙-10015","x":639},{"frameY":-276,"y":1826,"frameWidth":1000,"frameX":-172,"frameHeight":1000,"width":636,"height":606,"name":"恐龙-10019","x":1277},{"frameY":-276,"y":2434,"frameWidth":1000,"frameX":-172,"frameHeight":1000,"width":636,"height":606,"name":"恐龙-10014","x":2553},{"frameY":-276,"y":610,"frameWidth":1000,"frameX":-172,"frameHeight":1000,"width":636,"height":606,"name":"恐龙-10034","x":2553},{"frameY":-276,"y":1826,"frameWidth":1000,"frameX":-172,"frameHeight":1000,"width":636,"height":606,"name":"恐龙-10032","x":3191},{"frameY":-276,"y":3042,"frameWidth":1000,"frameX":-172,"frameHeight":1000,"width":636,"height":606,"name":"恐龙-10036","x":3191},{"frameY":-276,"y":3043,"frameWidth":1000,"frameX":-172,"frameHeight":1000,"width":636,"height":606,"name":"恐龙-10009","x":639},{"frameY":-275,"y":1828,"frameWidth":1000,"frameX":-172,"frameHeight":1000,"width":636,"height":607,"name":"恐龙-10013","x":1},{"frameY":-276,"y":2434,"frameWidth":1000,"frameX":-172,"frameHeight":1000,"width":636,"height":606,"name":"恐龙-10008","x":1915},{"frameY":-276,"y":2435,"frameWidth":1000,"frameX":-172,"frameHeight":1000,"width":636,"height":606,"name":"恐龙-10002","x":639},{"frameY":-276,"y":1218,"frameWidth":1000,"frameX":-172,"frameHeight":1000,"width":636,"height":606,"name":"恐龙-10017","x":1277},{"frameY":-276,"y":610,"frameWidth":1000,"frameX":-172,"frameHeight":1000,"width":636,"height":606,"name":"恐龙-10005","x":1277},{"frameY":-275,"y":1,"frameWidth":1000,"frameX":-172,"frameHeight":1000,"width":636,"height":607,"name":"恐龙-10016","x":2553},{"frameY":-276,"y":1218,"frameWidth":1000,"frameX":-172,"frameHeight":1000,"width":636,"height":606,"name":"恐龙-10007","x":1915},{"frameY":-276,"y":610,"frameWidth":1000,"frameX":-172,"frameHeight":1000,"width":636,"height":606,"name":"恐龙-10004","x":3191},{"frameY":-275,"y":610,"frameWidth":1000,"frameX":-172,"frameHeight":1000,"width":636,"height":607,"name":"恐龙-10028","x":1},{"frameY":-275,"y":1,"frameWidth":1000,"frameX":-172,"frameHeight":1000,"width":636,"height":607,"name":"恐龙-10022","x":1},{"frameY":-276,"y":1826,"frameWidth":1000,"frameX":-172,"frameHeight":1000,"width":636,"height":606,"name":"恐龙-10003","x":2553}],"height":4096,"name":"poke1","imagePath":"poke1_tex.png"}