{"width":4096,"imagePath":"tanqi_tex.png","height":4096,"name":"tanqi","SubTexture":[{"frameY":-269,"y":651,"frameWidth":900,"frameX":-9,"frameHeight":1000,"width":887,"height":633,"name":"恐龙-20009","x":2668},{"frameY":-289,"y":1916,"frameWidth":900,"frameX":-9,"frameHeight":1000,"width":887,"height":613,"name":"恐龙-20015","x":890},{"frameY":-289,"y":1921,"frameWidth":900,"frameX":-9,"frameHeight":1000,"width":887,"height":613,"name":"恐龙-20018","x":2668},{"frameY":-254,"y":1,"frameWidth":900,"frameX":-9,"frameHeight":1000,"width":887,"height":648,"name":"恐龙-20006","x":2668},{"frameY":-289,"y":1301,"frameWidth":900,"frameX":-9,"frameHeight":1000,"width":887,"height":613,"name":"恐龙-20022","x":890},{"frameY":-269,"y":1287,"frameWidth":900,"frameX":-9,"frameHeight":1000,"width":887,"height":633,"name":"恐龙-20007","x":1779},{"frameY":-289,"y":2536,"frameWidth":900,"frameX":-9,"frameHeight":1000,"width":887,"height":613,"name":"恐龙-20020","x":2668},{"frameY":-254,"y":651,"frameWidth":900,"frameX":-9,"frameHeight":1000,"width":887,"height":648,"name":"恐龙-20002","x":890},{"frameY":-289,"y":1916,"frameWidth":900,"frameX":-9,"frameHeight":1000,"width":887,"height":613,"name":"恐龙-20021","x":1},{"frameY":-254,"y":1,"frameWidth":900,"frameX":-9,"frameHeight":1000,"width":887,"height":648,"name":"恐龙-20001","x":890},{"frameY":-289,"y":2531,"frameWidth":900,"frameX":-9,"frameHeight":1000,"width":887,"height":613,"name":"恐龙-20014","x":890},{"frameY":-289,"y":3152,"frameWidth":900,"frameX":-9,"frameHeight":1000,"width":887,"height":613,"name":"恐龙-20012","x":1779},{"frameY":-254,"y":1,"frameWidth":900,"frameX":-9,"frameHeight":1000,"width":887,"height":648,"name":"恐龙-20004","x":1},{"frameY":-289,"y":1301,"frameWidth":900,"frameX":-9,"frameHeight":1000,"width":887,"height":613,"name":"恐龙-20013","x":1},{"frameY":-289,"y":3146,"frameWidth":900,"frameX":-9,"frameHeight":1000,"width":887,"height":613,"name":"恐龙-20019","x":1},{"frameY":-268,"y":651,"frameWidth":900,"frameX":-9,"frameHeight":1000,"width":887,"height":634,"name":"恐龙-20024","x":1779},{"frameY":-254,"y":651,"frameWidth":900,"frameX":-9,"frameHeight":1000,"width":887,"height":648,"name":"恐龙-20005","x":1},{"frameY":-289,"y":3146,"frameWidth":900,"frameX":-9,"frameHeight":1000,"width":887,"height":613,"name":"恐龙-20011","x":890},{"frameY":-269,"y":1286,"frameWidth":900,"frameX":-9,"frameHeight":1000,"width":887,"height":633,"name":"恐龙-20008","x":2668},{"frameY":-289,"y":3151,"frameWidth":900,"frameX":-9,"frameHeight":1000,"width":887,"height":613,"name":"恐龙-20016","x":2668},{"frameY":-289,"y":2537,"frameWidth":900,"frameX":-9,"frameHeight":1000,"width":887,"height":613,"name":"恐龙-20023","x":1779},{"frameY":-289,"y":2531,"frameWidth":900,"frameX":-9,"frameHeight":1000,"width":887,"height":613,"name":"恐龙-20017","x":1},{"frameY":-254,"y":1,"frameWidth":900,"frameX":-9,"frameHeight":1000,"width":887,"height":648,"name":"恐龙-20003","x":1779},{"frameY":-289,"y":1922,"frameWidth":900,"frameX":-9,"frameHeight":1000,"width":887,"height":613,"name":"恐龙-20010","x":1779}]}