{"mc":{
	"taoxin01":{
		"frameRate":24,
		"events":[
			
			],
		"frames":[
			
			{
			"res":"2DB9D7D",
			"x":45,
			"y":46
			},
			{
			"res":"4F561388",
			"x":34,
			"y":38
			},
			{
			"res":"9BDD975A",
			"x":23,
			"y":29
			},
			{
			"res":"486D92D3",
			"x":17,
			"y":26
			},
			{
			"res":"C2D2595B",
			"x":15,
			"y":25
			},
			{
			"res":"7F6F702F",
			"x":16,
			"y":24
			},
			{
			"res":"13C45BFD",
			"x":16,
			"y":25
			},
			{
			"res":"1651EEDB",
			"x":16,
			"y":25
			},
			{
			"res":"10F0A2C7",
			"x":16,
			"y":25
			},
			{
			"res":"A5F3F0E1",
			"x":15,
			"y":24
			},
			{
			"res":"34DD0D36",
			"x":15,
			"y":24
			},
			{
			"res":"AD5F0E0F",
			"x":15,
			"y":25
			},
			{
			"res":"F2A01151",
			"x":14,
			"y":25
			},
			{
			"res":"E059EC6",
			"x":17,
			"y":26
			},
			{
			"res":"A8ED3FB7",
			"x":17,
			"y":25
			},
			{
			"res":"2EE9DB2C",
			"x":17,
			"y":25
			}
			]
}},
	"res":{
		"2DB9D7D":{"x":242,"y":165,"w":36,"h":35},
		"A5F3F0E1":{"x":300,"y":1,"w":97,"h":80},
		"9BDD975A":{"x":95,"y":165,"w":83,"h":69},
		"13C45BFD":{"x":102,"y":1,"w":97,"h":80},
		"AD5F0E0F":{"x":296,"y":83,"w":98,"h":78},
		"E059EC6":{"x":396,"y":83,"w":94,"h":77},
		"1651EEDB":{"x":100,"y":83,"w":96,"h":80},
		"A8ED3FB7":{"x":396,"y":162,"w":92,"h":78},
		"7F6F702F":{"x":201,"y":1,"w":97,"h":80},
		"F2A01151":{"x":1,"y":1,"w":99,"h":80},
		"10F0A2C7":{"x":399,"y":1,"w":97,"h":80},
		"4F561388":{"x":180,"y":165,"w":60,"h":52},
		"2EE9DB2C":{"x":1,"y":165,"w":92,"h":77},
		"486D92D3":{"x":296,"y":163,"w":93,"h":77},
		"34DD0D36":{"x":1,"y":83,"w":97,"h":80},
		"C2D2595B":{"x":198,"y":83,"w":96,"h":80}
	}}