{
"texture":"taoxin02.png",
"radialAccelerationVariance":0
,"duration":-1
,"blendFactorSource":"one"
,"tangentialAccelerationVariance":0
,"emitter":{"x":0,"y":0}
,"emitterType":0
,"tangentialAcceleration":0
,"maxRadiusVariance":30
,"lifespan":2000
,"blendFactorDestination":"oneMinusSourceAlpha"
,"minRadius":20
,"lifespanVariance":0
,"minRadiusVariance":10
,"startSize":5
,"rotatePerSecond":30
,"endGreen":255
,"rotatePerSecondVariance":10
,"endSize":120
,"maxRadius":100
,"startGreen":255
,"startBlue":255
,"endRed":255
,"startSizeVariance":10
,"emitAngle":180
,"startAlphaVariance":0
,"emitAngleVariance":360
,"engGreenVariance":0
,"startRotation":0
,"startGreenVariance":0
,"startRedVariance":0
,"endAlpha":1
,"endBlueVariance":0
,"endRotation":0
,"endAlphaVariance":0
,"startAlpha":0.8901960784313725
,"endRotationVariance":0
,"endBlue":255
,"speed":20
,"emitterVariance":{"x":60,"y":2}
,"speedVariance":0
,"maxParticles":15
,"endSizeVariance":5
,"startRotationVariance":0
,"startBlueVariance":0
,"endRedVariance":0
,"gravity":{"x":0,"y":-150}
,"radialAcceleration":0
,"startRed":255
}