{"width":512,"imagePath":"gangqinanjian_tex.png","height":1024,"name":"gangqinanjian","SubTexture":[{"y":120,"frameX":-42,"frameHeight":206,"frameY":-44,"width":117,"frameWidth":213,"height":108,"name":"14","x":126},{"y":431,"frameX":-67,"frameHeight":206,"frameY":-61,"width":78,"frameWidth":213,"height":75,"name":"29","x":89},{"y":325,"frameX":-52,"frameHeight":206,"frameY":-48,"width":101,"frameWidth":213,"height":99,"name":"09","x":377},{"y":326,"frameX":-56,"frameHeight":206,"frameY":-51,"width":93,"frameWidth":213,"height":93,"name":"07","x":245},{"y":1,"frameX":-38,"frameHeight":206,"frameY":-40,"width":126,"frameWidth":213,"height":116,"name":"17","x":1},{"y":229,"frameX":-55,"frameHeight":206,"frameY":-50,"width":95,"frameWidth":213,"height":95,"name":"08","x":245},{"y":508,"frameX":-64,"frameHeight":206,"frameY":-97,"width":63,"frameWidth":213,"height":43,"name":"31","x":150},{"y":340,"frameX":-57,"frameHeight":206,"frameY":-53,"width":90,"frameWidth":213,"height":89,"name":"06","x":113},{"y":510,"frameX":-72,"frameHeight":206,"frameY":-66,"width":68,"frameWidth":213,"height":65,"name":"22","x":1},{"y":222,"frameX":-50,"frameHeight":206,"frameY":-47,"width":104,"frameWidth":213,"height":101,"name":"10","x":377},{"y":1,"frameX":-39,"frameHeight":206,"frameY":-41,"width":123,"frameWidth":213,"height":113,"name":"16","x":254},{"y":501,"frameX":-70,"frameHeight":206,"frameY":-64,"width":71,"frameWidth":213,"height":68,"name":"25","x":440},{"y":116,"frameX":-40,"frameHeight":206,"frameY":-43,"width":121,"frameWidth":213,"height":111,"name":"15","x":254},{"y":571,"frameX":-71,"frameHeight":206,"frameY":-65,"width":69,"frameWidth":213,"height":66,"name":"24","x":440},{"y":1,"frameX":-31,"frameHeight":206,"frameY":-38,"width":123,"frameWidth":213,"height":117,"name":"20","x":129},{"y":421,"frameX":-65,"frameHeight":206,"frameY":-58,"width":75,"frameWidth":213,"height":78,"name":"03","x":289},{"y":117,"frameX":-47,"frameHeight":206,"frameY":-46,"width":108,"frameWidth":213,"height":103,"name":"11","x":377},{"y":426,"frameX":-73,"frameHeight":206,"frameY":-66,"width":66,"frameWidth":213,"height":64,"name":"21","x":444},{"y":230,"frameX":-43,"frameHeight":206,"frameY":-44,"width":116,"frameWidth":213,"height":108,"name":"13","x":126},{"y":508,"frameX":-71,"frameHeight":206,"frameY":-66,"width":69,"frameWidth":213,"height":66,"name":"23","x":79},{"y":501,"frameX":-66,"frameHeight":206,"frameY":-59,"width":72,"frameWidth":213,"height":76,"name":"02","x":366},{"y":421,"frameX":-61,"frameHeight":206,"frameY":-55,"width":82,"frameWidth":213,"height":85,"name":"04","x":205},{"y":119,"frameX":-36,"frameHeight":206,"frameY":-42,"width":123,"frameWidth":213,"height":116,"name":"18","x":1},{"y":433,"frameX":-68,"frameHeight":206,"frameY":-61,"width":76,"frameWidth":213,"height":75,"name":"28","x":1},{"y":508,"frameX":-66,"frameHeight":206,"frameY":-97,"width":61,"frameWidth":213,"height":41,"name":"30","x":215},{"y":237,"frameX":-46,"frameHeight":206,"frameY":-45,"width":110,"frameWidth":213,"height":105,"name":"12","x":1},{"y":426,"frameX":-68,"frameHeight":206,"frameY":-62,"width":76,"frameWidth":213,"height":73,"name":"27","x":366},{"y":344,"frameX":-59,"frameHeight":206,"frameY":-54,"width":86,"frameWidth":213,"height":87,"name":"05","x":1},{"y":501,"frameX":-68,"frameHeight":206,"frameY":-63,"width":74,"frameWidth":213,"height":71,"name":"26","x":289},{"y":1,"frameX":-33,"frameHeight":206,"frameY":-39,"width":120,"frameWidth":213,"height":114,"name":"19","x":379}]}