{"frameRate":24,"name":"gangqinanjian","version":"5.5","compatibleVersion":"5.5","armature":[{"type":"Sheet","frameRate":35,"name":"fankui","aabb":{"x":-28.5,"y":-33,"width":213,"height":206},"bone":[{"name":"root"}],"slot":[{"displayIndex":20,"name":"sheetSlot","parent":"root"}],"skin":[{"slot":[{"name":"sheetSlot","display":[{"name":"02","transform":{"x":78,"y":70}},{"name":"03","transform":{"x":78,"y":70}},{"name":"04","transform":{"x":78,"y":70}},{"name":"05","transform":{"x":78,"y":70}},{"name":"06","transform":{"x":78,"y":70}},{"name":"07","transform":{"x":78,"y":70}},{"name":"08","transform":{"x":78,"y":70}},{"name":"09","transform":{"x":78,"y":70}},{"name":"10","transform":{"x":78,"y":70}},{"name":"11","transform":{"x":78,"y":70}},{"name":"12","transform":{"x":78,"y":70}},{"name":"13","transform":{"x":78,"y":70}},{"name":"14","transform":{"x":78,"y":70}},{"name":"15","transform":{"x":78,"y":70}},{"name":"16","transform":{"x":78,"y":70}},{"name":"17","transform":{"x":78,"y":70}},{"name":"18","transform":{"x":78,"y":70}},{"name":"19","transform":{"x":78,"y":70}},{"name":"20","transform":{"x":78,"y":70}},{"name":"21","transform":{"x":78,"y":70}},{"name":"22","transform":{"x":78,"y":70}},{"name":"23","transform":{"x":78,"y":70}},{"name":"24","transform":{"x":78,"y":70}},{"name":"25","transform":{"x":78,"y":70}},{"name":"26","transform":{"x":78,"y":70}},{"name":"27","transform":{"x":78,"y":70}},{"name":"28","transform":{"x":78,"y":70}},{"name":"29","transform":{"x":78,"y":70}},{"name":"30","transform":{"x":78,"y":70}},{"name":"31","transform":{"x":78,"y":70}}]}]}],"animation":[{"duration":30,"playTimes":0,"name":"fankui","slot":[{"name":"sheetSlot","displayFrame":[{},{"value":1},{"value":2},{"value":3},{"value":4},{"value":5},{"value":6},{"value":7},{"value":8},{"value":9},{"value":10},{"value":11},{"value":12},{"value":13},{"value":14},{"value":15},{"value":16},{"value":17},{"value":18},{"value":19},{"value":20},{"value":21},{"value":22},{"value":23},{"value":24},{"value":25},{"value":26},{"value":27},{"value":28},{"value":29}]}]}],"defaultActions":[{"gotoAndPlay":"fankui"}]}]}