{"width":4096,"imagePath":"gangqinzhanshi_tex.png","height":4096,"name":"gangqinzhanshi","SubTexture":[{"y":1342,"frameX":-13,"frameHeight":301,"frameY":-16,"width":522,"frameWidth":535,"height":255,"name":"39","x":2620},{"y":2358,"frameX":-12,"frameHeight":301,"frameY":-17,"width":523,"frameWidth":535,"height":251,"name":"47","x":1},{"y":1599,"frameX":-13,"frameHeight":301,"frameY":-17,"width":522,"frameWidth":535,"height":254,"name":"40","x":1048},{"y":1075,"frameX":-14,"frameHeight":301,"frameY":-13,"width":520,"frameWidth":535,"height":261,"name":"26","x":1565},{"y":1077,"frameX":-14,"frameHeight":301,"frameY":-14,"width":521,"frameWidth":535,"height":260,"name":"27","x":2087},{"y":272,"frameX":-15,"frameHeight":301,"frameY":-10,"width":517,"frameWidth":535,"height":268,"name":"12","x":3101},{"y":2108,"frameX":-12,"frameHeight":301,"frameY":-18,"width":523,"frameWidth":535,"height":251,"name":"46","x":526},{"y":1070,"frameX":-14,"frameHeight":301,"frameY":-14,"width":521,"frameWidth":535,"height":259,"name":"29","x":1},{"y":808,"frameX":-14,"frameHeight":301,"frameY":-14,"width":520,"frameWidth":535,"height":260,"name":"28","x":1},{"y":1592,"frameX":-14,"frameHeight":301,"frameY":-15,"width":521,"frameWidth":535,"height":257,"name":"33","x":525},{"y":1851,"frameX":-12,"frameHeight":301,"frameY":-17,"width":523,"frameWidth":535,"height":252,"name":"42","x":1},{"y":1338,"frameX":-13,"frameHeight":301,"frameY":-15,"width":522,"frameWidth":535,"height":257,"name":"34","x":1048},{"y":273,"frameX":-16,"frameHeight":301,"frameY":-10,"width":517,"frameWidth":535,"height":267,"name":"14","x":2068},{"y":1592,"frameX":-13,"frameHeight":301,"frameY":-15,"width":522,"frameWidth":535,"height":257,"name":"35","x":1},{"y":1850,"frameX":-11,"frameHeight":301,"frameY":-15,"width":524,"frameWidth":535,"height":251,"name":"55","x":3146},{"y":809,"frameX":-15,"frameHeight":301,"frameY":-11,"width":518,"frameWidth":535,"height":265,"name":"18","x":3107},{"y":542,"frameX":-15,"frameHeight":301,"frameY":-11,"width":518,"frameWidth":535,"height":265,"name":"17","x":3107},{"y":543,"frameX":-15,"frameHeight":301,"frameY":-12,"width":519,"frameWidth":535,"height":263,"name":"21","x":1},{"y":543,"frameX":-14,"frameHeight":301,"frameY":-12,"width":519,"frameWidth":535,"height":263,"name":"22","x":522},{"y":1,"frameX":-16,"frameHeight":301,"frameY":-9,"width":515,"frameWidth":535,"height":270,"name":"08","x":2067},{"y":2105,"frameX":-12,"frameHeight":301,"frameY":-17,"width":523,"frameWidth":535,"height":251,"name":"49","x":1},{"y":2103,"frameX":-12,"frameHeight":301,"frameY":-17,"width":523,"frameWidth":535,"height":251,"name":"48","x":2623},{"y":1342,"frameX":-12,"frameHeight":301,"frameY":-18,"width":523,"frameWidth":535,"height":252,"name":"43","x":3144},{"y":1850,"frameX":-11,"frameHeight":301,"frameY":-15,"width":524,"frameWidth":535,"height":251,"name":"54","x":2620},{"y":2103,"frameX":-11,"frameHeight":301,"frameY":-15,"width":524,"frameWidth":535,"height":250,"name":"56","x":3148},{"y":1339,"frameX":-13,"frameHeight":301,"frameY":-16,"width":522,"frameWidth":535,"height":255,"name":"37","x":2096},{"y":543,"frameX":-14,"frameHeight":301,"frameY":-13,"width":520,"frameWidth":535,"height":262,"name":"24","x":1043},{"y":1332,"frameX":-14,"frameHeight":301,"frameY":-15,"width":521,"frameWidth":535,"height":258,"name":"31","x":525},{"y":807,"frameX":-14,"frameHeight":301,"frameY":-13,"width":520,"frameWidth":535,"height":262,"name":"25","x":1043},{"y":1599,"frameX":-13,"frameHeight":301,"frameY":-17,"width":522,"frameWidth":535,"height":253,"name":"41","x":1572},{"y":1,"frameX":-16,"frameHeight":301,"frameY":-9,"width":515,"frameWidth":535,"height":270,"name":"09","x":2584},{"y":1076,"frameX":-15,"frameHeight":301,"frameY":-12,"width":519,"frameWidth":535,"height":264,"name":"20","x":3107},{"y":1854,"frameX":-11,"frameHeight":301,"frameY":-16,"width":524,"frameWidth":535,"height":251,"name":"51","x":1572},{"y":1596,"frameX":-13,"frameHeight":301,"frameY":-16,"width":522,"frameWidth":535,"height":254,"name":"38","x":2096},{"y":542,"frameX":-15,"frameHeight":301,"frameY":-11,"width":518,"frameWidth":535,"height":266,"name":"16","x":2587},{"y":1332,"frameX":-13,"frameHeight":301,"frameY":-15,"width":522,"frameWidth":535,"height":258,"name":"32","x":1},{"y":1,"frameX":-16,"frameHeight":301,"frameY":-9,"width":515,"frameWidth":535,"height":270,"name":"07","x":1550},{"y":1,"frameX":-16,"frameHeight":301,"frameY":-9,"width":516,"frameWidth":535,"height":269,"name":"10","x":3101},{"y":810,"frameX":-15,"frameHeight":301,"frameY":-11,"width":518,"frameWidth":535,"height":265,"name":"19","x":2587},{"y":2107,"frameX":-12,"frameHeight":301,"frameY":-18,"width":523,"frameWidth":535,"height":251,"name":"45","x":1052},{"y":1,"frameX":-16,"frameHeight":301,"frameY":-8,"width":515,"frameWidth":535,"height":271,"name":"06","x":517},{"y":274,"frameX":-15,"frameHeight":301,"frameY":-10,"width":517,"frameWidth":535,"height":267,"name":"13","x":517},{"y":542,"frameX":-15,"frameHeight":301,"frameY":-10,"width":517,"frameWidth":535,"height":267,"name":"15","x":2068},{"y":1339,"frameX":-13,"frameHeight":301,"frameY":-16,"width":522,"frameWidth":535,"height":256,"name":"36","x":1572},{"y":2103,"frameX":-12,"frameHeight":301,"frameY":-16,"width":523,"frameWidth":535,"height":251,"name":"50","x":2098},{"y":811,"frameX":-15,"frameHeight":301,"frameY":-13,"width":519,"frameWidth":535,"height":262,"name":"23","x":1565},{"y":273,"frameX":-16,"frameHeight":301,"frameY":-10,"width":516,"frameWidth":535,"height":268,"name":"11","x":1550},{"y":1,"frameX":-17,"frameHeight":301,"frameY":-8,"width":514,"frameWidth":535,"height":272,"name":"04","x":1},{"y":1596,"frameX":-12,"frameHeight":301,"frameY":-18,"width":523,"frameWidth":535,"height":252,"name":"44","x":3144},{"y":1,"frameX":-17,"frameHeight":301,"frameY":-8,"width":514,"frameWidth":535,"height":271,"name":"05","x":1034},{"y":1855,"frameX":-11,"frameHeight":301,"frameY":-16,"width":524,"frameWidth":535,"height":251,"name":"53","x":526},{"y":1071,"frameX":-14,"frameHeight":301,"frameY":-14,"width":521,"frameWidth":535,"height":259,"name":"30","x":524},{"y":2355,"frameX":-11,"frameHeight":301,"frameY":-16,"width":524,"frameWidth":535,"height":250,"name":"52","x":3148}]}