{"width":2048,"imagePath":"gangqinjiemian_tex.png","height":4096,"name":"gangqinjiemian","SubTexture":[{"y":1603,"frameX":0,"frameHeight":265,"frameY":0,"width":471,"frameWidth":472,"height":265,"name":"24","x":1423},{"width":472,"y":1603,"height":265,"name":"51","x":1},{"y":3635,"frameX":-32,"frameHeight":265,"frameY":0,"width":440,"frameWidth":472,"height":246,"name":"62","x":475},{"y":3389,"frameX":0,"frameHeight":265,"frameY":0,"width":472,"frameWidth":472,"height":246,"name":"54","x":1},{"y":2137,"frameX":0,"frameHeight":265,"frameY":0,"width":469,"frameWidth":472,"height":250,"name":"14","x":1},{"y":2891,"frameX":-32,"frameHeight":265,"frameY":0,"width":441,"frameWidth":472,"height":246,"name":"60","x":475},{"width":472,"y":802,"height":265,"name":"39","x":1},{"y":2899,"frameX":-31,"frameHeight":265,"frameY":0,"width":441,"frameWidth":472,"height":246,"name":"58","x":918},{"y":2893,"frameX":0,"frameHeight":265,"frameY":0,"width":472,"frameWidth":472,"height":246,"name":"56","x":1},{"y":2894,"frameX":0,"frameHeight":265,"frameY":0,"width":472,"frameWidth":472,"height":246,"name":"55","x":1414},{"width":472,"y":535,"height":265,"name":"38","x":1423},{"y":2392,"frameX":0,"frameHeight":265,"frameY":0,"width":470,"frameWidth":472,"height":250,"name":"19","x":1419},{"y":3141,"frameX":0,"frameHeight":265,"frameY":0,"width":472,"frameWidth":472,"height":246,"name":"57","x":1},{"y":2131,"frameX":0,"frameHeight":265,"frameY":0,"width":471,"frameWidth":472,"height":259,"name":"21","x":1421},{"width":472,"y":802,"height":265,"name":"40","x":475},{"width":472,"y":1336,"height":265,"name":"49","x":949},{"width":472,"y":268,"height":265,"name":"32","x":949},{"y":1870,"frameX":0,"frameHeight":265,"frameY":0,"width":471,"frameWidth":472,"height":265,"name":"23","x":474},{"y":3777,"frameX":0,"frameHeight":265,"frameY":-80,"width":70,"frameWidth":472,"height":134,"name":"06","x":345},{"y":2389,"frameX":0,"frameHeight":265,"frameY":0,"width":469,"frameWidth":472,"height":250,"name":"13","x":1},{"y":3139,"frameX":-31,"frameHeight":265,"frameY":0,"width":441,"frameWidth":472,"height":246,"name":"59","x":475},{"width":472,"y":1336,"height":265,"name":"48","x":475},{"width":472,"y":268,"height":265,"name":"30","x":1},{"width":472,"y":535,"height":265,"name":"35","x":475},{"width":472,"y":1069,"height":265,"name":"46","x":1423},{"width":472,"y":535,"height":265,"name":"34","x":1},{"y":3147,"frameX":-33,"frameHeight":265,"frameY":0,"width":440,"frameWidth":472,"height":246,"name":"63","x":918},{"y":2644,"frameX":0,"frameHeight":265,"frameY":-48,"width":127,"frameWidth":472,"height":170,"name":"09","x":1886},{"width":472,"y":268,"height":265,"name":"33","x":1423},{"width":472,"y":1336,"height":265,"name":"47","x":1},{"y":2397,"frameX":0,"frameHeight":265,"frameY":0,"width":468,"frameWidth":472,"height":250,"name":"11","x":944},{"y":2640,"frameX":0,"frameHeight":265,"frameY":0,"width":469,"frameWidth":472,"height":249,"name":"15","x":472},{"y":2392,"frameX":0,"frameHeight":265,"frameY":-50,"width":112,"frameWidth":472,"height":168,"name":"08","x":1891},{"y":1870,"frameX":0,"frameHeight":265,"frameY":0,"width":471,"frameWidth":472,"height":259,"name":"22","x":1421},{"y":1,"frameX":0,"frameHeight":265,"frameY":0,"width":472,"frameWidth":472,"height":265,"name":"28","x":949},{"y":3387,"frameX":-33,"frameHeight":265,"frameY":0,"width":440,"frameWidth":472,"height":246,"name":"64","x":475},{"y":3777,"frameX":0,"frameHeight":265,"frameY":-81,"width":54,"frameWidth":472,"height":131,"name":"05","x":417},{"y":2389,"frameX":0,"frameHeight":265,"frameY":0,"width":470,"frameWidth":472,"height":249,"name":"17","x":472},{"y":2644,"frameX":0,"frameHeight":265,"frameY":0,"width":470,"frameWidth":472,"height":248,"name":"18","x":1414},{"width":472,"y":1069,"height":265,"name":"43","x":1},{"y":2136,"frameX":0,"frameHeight":265,"frameY":0,"width":470,"frameWidth":472,"height":259,"name":"20","x":947},{"y":3147,"frameX":-32,"frameHeight":265,"frameY":0,"width":440,"frameWidth":472,"height":246,"name":"61","x":1360},{"width":472,"y":535,"height":265,"name":"36","x":949},{"width":472,"y":1603,"height":265,"name":"52","x":475},{"y":2641,"frameX":0,"frameHeight":265,"frameY":0,"width":467,"frameWidth":472,"height":250,"name":"10","x":1},{"y":1,"frameX":0,"frameHeight":265,"frameY":0,"width":472,"frameWidth":472,"height":265,"name":"25","x":1},{"y":1870,"frameX":0,"frameHeight":265,"frameY":0,"width":471,"frameWidth":472,"height":265,"name":"27","x":1},{"width":472,"y":1069,"height":265,"name":"44","x":475},{"y":2899,"frameX":0,"frameHeight":265,"frameY":-81,"width":38,"frameWidth":472,"height":127,"name":"04","x":1361},{"width":472,"y":268,"height":265,"name":"31","x":475},{"y":1870,"frameX":0,"frameHeight":265,"frameY":0,"width":472,"frameWidth":472,"height":264,"name":"53","x":947},{"y":2137,"frameX":0,"frameHeight":265,"frameY":0,"width":469,"frameWidth":472,"height":250,"name":"12","x":472},{"width":472,"y":1069,"height":265,"name":"45","x":949},{"width":472,"y":802,"height":265,"name":"41","x":949},{"y":3637,"frameX":0,"frameHeight":265,"frameY":-82,"width":23,"frameWidth":472,"height":121,"name":"03","x":444},{"width":472,"y":802,"height":265,"name":"42","x":1423},{"y":2649,"frameX":0,"frameHeight":265,"frameY":-1,"width":469,"frameWidth":472,"height":248,"name":"16","x":943},{"y":3637,"frameX":-112,"frameHeight":265,"frameY":-15,"width":342,"frameWidth":472,"height":216,"name":"65","x":1},{"width":472,"y":1,"height":265,"name":"29","x":1423},{"y":3637,"frameX":0,"frameHeight":265,"frameY":-79,"width":97,"frameWidth":472,"height":138,"name":"07","x":345},{"width":472,"y":1336,"height":265,"name":"50","x":1423},{"width":472,"y":1603,"height":265,"name":"37","x":949},{"y":1,"frameX":0,"frameHeight":265,"frameY":0,"width":472,"frameWidth":472,"height":265,"name":"26","x":475}]}