{"imagePath":"Piano_tex.png","width":1893,"height":973,"name":"Piano","SubTexture":[{"frameX":-21,"y":1,"frameY":0,"frameWidth":1917,"width":1890,"frameHeight":328,"height":328,"name":"di","x":1},{"frameX":-2,"y":652,"frameY":-5,"frameWidth":204,"width":200,"frameHeight":329,"height":319,"name":"Do1","x":1213},{"frameX":-2,"y":331,"frameY":-5,"frameWidth":204,"width":200,"frameHeight":329,"height":319,"name":"do","x":1011},{"frameX":-2,"y":331,"frameY":-5,"frameWidth":204,"width":200,"frameHeight":324,"height":319,"name":"Fa1","x":203},{"frameX":-2,"y":652,"frameY":-5,"frameWidth":204,"width":200,"frameHeight":324,"height":319,"name":"fa","x":1011},{"frameX":-2,"y":652,"frameY":-5,"frameWidth":204,"width":200,"frameHeight":324,"height":319,"name":"la","x":1},{"frameX":-2,"y":652,"frameY":-5,"frameWidth":204,"width":200,"frameHeight":324,"height":319,"name":"La1","x":809},{"frameX":-2,"y":652,"frameY":-5,"frameWidth":204,"width":200,"frameHeight":324,"height":319,"name":"Mi1","x":203},{"frameX":-2,"y":331,"frameY":-5,"frameWidth":204,"width":200,"frameHeight":324,"height":319,"name":"mi","x":1},{"frameX":-2,"y":652,"frameY":-5,"frameWidth":204,"width":200,"frameHeight":324,"height":319,"name":"re","x":405},{"frameX":-2,"y":652,"frameY":-5,"frameWidth":204,"width":200,"frameHeight":324,"height":319,"name":"Re1","x":607},{"frameX":-5,"y":652,"frameY":-5,"frameWidth":204,"width":194,"frameHeight":324,"height":319,"name":"Ti1","x":1415},{"frameX":-5,"y":331,"frameY":-5,"frameWidth":204,"width":194,"frameHeight":324,"height":319,"name":"si","x":1415},{"frameX":-2,"y":331,"frameY":-5,"frameWidth":204,"width":200,"frameHeight":324,"height":319,"name":"So1","x":809},{"frameX":-2,"y":331,"frameY":-5,"frameWidth":204,"width":200,"frameHeight":324,"height":319,"name":"so","x":607},{"frameX":-2,"y":331,"frameY":-5,"frameWidth":204,"width":200,"frameHeight":324,"height":319,"name":"Do_8","x":405},{"frameX":-2,"y":331,"frameY":-5,"frameWidth":204,"width":200,"frameHeight":324,"height":319,"name":"Do_8_2","x":1213}]}