{"width":2048,"imagePath":"zhanshi01_tex.png","height":4096,"name":"zhanshi01","SubTexture":[{"y":1980,"frameX":-38,"frameHeight":305,"frameY":-21,"width":481,"frameWidth":586,"height":278,"name":"25","x":967},{"y":569,"frameX":-37,"frameHeight":305,"frameY":-16,"width":486,"frameWidth":586,"height":281,"name":"45","x":1},{"y":2260,"frameX":-38,"frameHeight":305,"frameY":-23,"width":481,"frameWidth":586,"height":278,"name":"19","x":1450},{"y":3100,"frameX":-37,"frameHeight":305,"frameY":-25,"width":480,"frameWidth":586,"height":277,"name":"10","x":1},{"y":3657,"frameX":-38,"frameHeight":305,"frameY":-24,"width":480,"frameWidth":586,"height":277,"name":"15","x":1447},{"y":2260,"frameX":-38,"frameHeight":305,"frameY":-22,"width":481,"frameWidth":586,"height":278,"name":"22","x":484},{"y":3378,"frameX":-37,"frameHeight":305,"frameY":-25,"width":480,"frameWidth":586,"height":277,"name":"09","x":1447},{"y":2540,"frameX":-37,"frameHeight":305,"frameY":-25,"width":481,"frameWidth":586,"height":278,"name":"03","x":967},{"y":851,"frameX":-37,"frameHeight":305,"frameY":-17,"width":485,"frameWidth":586,"height":281,"name":"41","x":1465},{"y":2260,"frameX":-37,"frameHeight":305,"frameY":-23,"width":481,"frameWidth":586,"height":278,"name":"17","x":967},{"y":1134,"frameX":-38,"frameHeight":305,"frameY":-18,"width":484,"frameWidth":586,"height":280,"name":"38","x":1461},{"y":1417,"frameX":-39,"frameHeight":305,"frameY":-20,"width":482,"frameWidth":586,"height":279,"name":"31","x":1},{"y":852,"frameX":-37,"frameHeight":305,"frameY":-16,"width":485,"frameWidth":586,"height":281,"name":"44","x":488},{"y":3099,"frameX":-37,"frameHeight":305,"frameY":-24,"width":481,"frameWidth":586,"height":277,"name":"13","x":1448},{"y":2820,"frameX":-37,"frameHeight":305,"frameY":-25,"width":480,"frameWidth":586,"height":278,"name":"04","x":1},{"y":1,"frameX":-35,"frameHeight":305,"frameY":-14,"width":489,"frameWidth":586,"height":282,"name":"54","x":984},{"y":3657,"frameX":-38,"frameHeight":305,"frameY":-24,"width":480,"frameWidth":586,"height":277,"name":"14","x":965},{"y":2260,"frameX":-38,"frameHeight":305,"frameY":-22,"width":481,"frameWidth":586,"height":278,"name":"21","x":1},{"y":1416,"frameX":-38,"frameHeight":305,"frameY":-18,"width":484,"frameWidth":586,"height":280,"name":"39","x":1461},{"y":1698,"frameX":-39,"frameHeight":305,"frameY":-20,"width":481,"frameWidth":586,"height":279,"name":"30","x":484},{"y":2540,"frameX":-38,"frameHeight":305,"frameY":-23,"width":481,"frameWidth":586,"height":278,"name":"20","x":1450},{"y":568,"frameX":-36,"frameHeight":305,"frameY":-15,"width":486,"frameWidth":586,"height":281,"name":"47","x":1470},{"y":1416,"frameX":-39,"frameHeight":305,"frameY":-19,"width":482,"frameWidth":586,"height":280,"name":"35","x":971},{"y":3099,"frameX":-38,"frameHeight":305,"frameY":-23,"width":481,"frameWidth":586,"height":277,"name":"18","x":965},{"y":1,"frameX":-34,"frameHeight":305,"frameY":-13,"width":490,"frameWidth":586,"height":282,"name":"56","x":1},{"y":1,"frameX":-34,"frameHeight":305,"frameY":-13,"width":489,"frameWidth":586,"height":282,"name":"55","x":493},{"y":2820,"frameX":-38,"frameHeight":305,"frameY":-24,"width":481,"frameWidth":586,"height":277,"name":"16","x":965},{"y":2820,"frameX":-37,"frameHeight":305,"frameY":-25,"width":481,"frameWidth":586,"height":277,"name":"12","x":1448},{"y":569,"frameX":-36,"frameHeight":305,"frameY":-15,"width":486,"frameWidth":586,"height":281,"name":"48","x":977},{"y":1698,"frameX":-39,"frameHeight":305,"frameY":-19,"width":482,"frameWidth":586,"height":279,"name":"33","x":1455},{"y":2540,"frameX":-38,"frameHeight":305,"frameY":-22,"width":481,"frameWidth":586,"height":278,"name":"24","x":484},{"y":3100,"frameX":-37,"frameHeight":305,"frameY":-25,"width":480,"frameWidth":586,"height":277,"name":"11","x":483},{"y":2540,"frameX":-38,"frameHeight":305,"frameY":-22,"width":481,"frameWidth":586,"height":278,"name":"23","x":1},{"y":1135,"frameX":-38,"frameHeight":305,"frameY":-18,"width":483,"frameWidth":586,"height":280,"name":"36","x":486},{"y":569,"frameX":-36,"frameHeight":305,"frameY":-16,"width":486,"frameWidth":586,"height":281,"name":"46","x":489},{"y":285,"frameX":-35,"frameHeight":305,"frameY":-14,"width":488,"frameWidth":586,"height":282,"name":"53","x":491},{"y":1,"frameX":-35,"frameHeight":305,"frameY":-14,"width":488,"frameWidth":586,"height":282,"name":"51","x":1475},{"y":1979,"frameX":-38,"frameHeight":305,"frameY":-21,"width":482,"frameWidth":586,"height":279,"name":"27","x":1455},{"y":285,"frameX":-36,"frameHeight":305,"frameY":-15,"width":487,"frameWidth":586,"height":281,"name":"50","x":1470},{"y":852,"frameX":-37,"frameHeight":305,"frameY":-17,"width":485,"frameWidth":586,"height":280,"name":"42","x":975},{"y":852,"frameX":-37,"frameHeight":305,"frameY":-16,"width":485,"frameWidth":586,"height":281,"name":"43","x":1},{"y":1979,"frameX":-39,"frameHeight":305,"frameY":-20,"width":481,"frameWidth":586,"height":279,"name":"28","x":484},{"y":1135,"frameX":-38,"frameHeight":305,"frameY":-18,"width":483,"frameWidth":586,"height":280,"name":"37","x":1},{"y":3379,"frameX":-37,"frameHeight":305,"frameY":-25,"width":480,"frameWidth":586,"height":277,"name":"07","x":1},{"y":285,"frameX":-35,"frameHeight":305,"frameY":-14,"width":488,"frameWidth":586,"height":282,"name":"52","x":1},{"y":1698,"frameX":-39,"frameHeight":305,"frameY":-19,"width":482,"frameWidth":586,"height":280,"name":"34","x":971},{"y":1417,"frameX":-39,"frameHeight":305,"frameY":-19,"width":482,"frameWidth":586,"height":279,"name":"32","x":485},{"y":3378,"frameX":-37,"frameHeight":305,"frameY":-25,"width":480,"frameWidth":586,"height":277,"name":"08","x":965},{"y":2820,"frameX":-37,"frameHeight":305,"frameY":-25,"width":480,"frameWidth":586,"height":278,"name":"06","x":483},{"y":1979,"frameX":-38,"frameHeight":305,"frameY":-21,"width":481,"frameWidth":586,"height":279,"name":"26","x":1},{"y":3379,"frameX":-37,"frameHeight":305,"frameY":-25,"width":480,"frameWidth":586,"height":277,"name":"05","x":483},{"y":285,"frameX":-36,"frameHeight":305,"frameY":-15,"width":487,"frameWidth":586,"height":282,"name":"49","x":981},{"y":1698,"frameX":-39,"frameHeight":305,"frameY":-20,"width":481,"frameWidth":586,"height":279,"name":"29","x":1},{"y":1134,"frameX":-38,"frameHeight":305,"frameY":-17,"width":484,"frameWidth":586,"height":280,"name":"40","x":975}]}