{
"texture":"礼花01红.png",
"endRotationVariance":292.07
,"emitterType":0
,"duration":-1
,"tangentialAcceleration":0
,"startGreen":255
,"blendFactorDestination":"oneMinusSourceAlpha"
,"radialAccelerationVariance":0
,"endGreen":255
,"blendFactorSource":"one"
,"maxRadiusVariance":30
,"lifespan":5000
,"tangentialAccelerationVariance":0
,"minRadius":20
,"lifespanVariance":700
,"startAlpha":0.8901960784313725
,"minRadiusVariance":10
,"startSize":85
,"maxParticles":150
,"rotatePerSecond":30
,"startSizeVariance":10
,"emitter":{"x":621,"y":-28}
,"rotatePerSecondVariance":10
,"endSize":15
,"maxRadius":100
,"engGreenVariance":0
,"endSizeVariance":5
,"endRedVariance":0
,"emitAngle":180
,"emitAngleVariance":360
,"endBlue":255
,"startRotation":0
,"startAlphaVariance":0
,"startBlueVariance":0
,"startRotationVariance":45
,"endAlphaVariance":0
,"endRotation":263.58
,"startBlue":255
,"speed":40
,"emitterVariance":{"x":1920,"y":2}
,"endAlpha":0.996078431372549
,"speedVariance":0
,"startGreenVariance":0
,"endBlueVariance":0
,"endRed":255
,"startRed":255
,"gravity":{"x":0,"y":150}
,"radialAcceleration":0
,"startRedVariance":0
}