{"mc":{
	"未标题-1":{
		"frameRate":24,
		"events":[
			
			],
		"frames":[
			
			{
			"res":"E6A5297D",
			"x":20,
			"y":18
			},
			{
			"res":"5E2A3A24",
			"x":21,
			"y":20
			},
			{
			"res":"C11C28D1",
			"x":21,
			"y":18
			},
			{
			"res":"FE9B8FBF",
			"x":21,
			"y":19
			},
			{
			"res":"486A6B32",
			"x":22,
			"y":22
			},
			{
			"res":"56B335F7",
			"x":23,
			"y":21
			},
			{
			"res":"6804BA72",
			"x":21,
			"y":22
			},
			{
			"res":"25AC380F",
			"x":21,
			"y":21
			},
			{
			"res":"F68FB2CB",
			"x":22,
			"y":22
			},
			{
			"res":"24DC506",
			"x":24,
			"y":21
			},
			{
			"res":"D267FC56",
			"x":25,
			"y":21
			},
			{
			"res":"8D5E75C",
			"x":25,
			"y":21
			},
			{
			"res":"81257AEC",
			"x":20,
			"y":21
			},
			{
			"res":"8CABC2D6",
			"x":19,
			"y":23
			},
			{
			"res":"6B57A74A",
			"x":19,
			"y":24
			},
			{
			"res":"3555937E",
			"x":20,
			"y":21
			}
			]
}},
	"res":{
		"E6A5297D":{"x":0,"y":0,"w":88,"h":91},
		"F68FB2CB":{"x":178,"y":259,"w":83,"h":84},
		"486A6B32":{"x":268,"y":87,"w":83,"h":84},
		"3555937E":{"x":178,"y":91,"w":88,"h":85},
		"6804BA72":{"x":87,"y":93,"w":85,"h":83},
		"56B335F7":{"x":0,"y":270,"w":81,"h":85},
		"81257AEC":{"x":266,"y":0,"w":88,"h":85},
		"D267FC56":{"x":263,"y":259,"w":78,"h":86},
		"8CABC2D6":{"x":87,"y":178,"w":89,"h":82},
		"6B57A74A":{"x":178,"y":178,"w":90,"h":79},
		"8D5E75C":{"x":165,"y":345,"w":77,"h":86},
		"24DC506":{"x":83,"y":270,"w":80,"h":85},
		"C11C28D1":{"x":90,"y":0,"w":86,"h":91},
		"FE9B8FBF":{"x":178,"y":0,"w":86,"h":89},
		"25AC380F":{"x":0,"y":183,"w":85,"h":85},
		"5E2A3A24":{"x":0,"y":93,"w":85,"h":88}
	}}