{
"texture":"礼花01黄.png",
"startBlue":255
,"radialAccelerationVariance":0
,"emitterType":0
,"blendFactorSource":"one"
,"startGreen":255
,"tangentialAccelerationVariance":0
,"maxRadius":100
,"endGreen":255
,"tangentialAcceleration":0
,"maxRadiusVariance":30
,"lifespan":4500
,"blendFactorDestination":"oneMinusSourceAlpha"
,"minRadius":20
,"lifespanVariance":1000
,"minRadiusVariance":10
,"startSize":120
,"maxParticles":100
,"rotatePerSecond":30
,"startSizeVariance":20
,"emitter":{"x":621,"y":-28}
,"rotatePerSecondVariance":10
,"endSize":40
,"engGreenVariance":0
,"endSizeVariance":5
,"endRedVariance":0
,"startBlueVariance":0
,"emitAngleVariance":360
,"endBlue":255
,"startRotation":0
,"startAlphaVariance":0
,"emitAngle":180
,"startRotationVariance":45
,"endAlphaVariance":0
,"startAlpha":0.8901960784313725
,"endRotation":263.58
,"duration":-1
,"endRotationVariance":292.07
,"speed":80
,"startRed":255
,"gravity":{"x":0,"y":200}
,"speedVariance":0
,"startGreenVariance":0
,"endBlueVariance":0
,"endRed":255
,"emitterVariance":{"x":1920,"y":2}
,"endAlpha":1
,"radialAcceleration":0
,"startRedVariance":0
}