{"width":4096,"imagePath":"fuhuo_tex.png","height":4096,"name":"fuhuo","SubTexture":[{"frameY":-1,"y":874,"frameWidth":873,"frameX":-91,"frameHeight":873,"width":782,"height":872,"name":"13","x":1692},{"frameY":-7,"y":2619,"frameWidth":873,"frameX":-31,"frameHeight":873,"width":842,"height":866,"name":"03","x":848},{"frameY":-2,"y":1,"frameWidth":873,"frameX":-60,"frameHeight":873,"width":813,"height":871,"name":"09","x":1692},{"frameY":-7,"y":1751,"frameWidth":873,"frameX":0,"frameHeight":873,"width":873,"height":866,"name":"02","x":1},{"width":873,"y":876,"height":873,"name":"01","x":1},{"frameY":0,"y":1,"frameWidth":873,"frameX":-59,"frameHeight":873,"width":814,"height":873,"name":"04","x":876},{"frameY":-1,"y":2622,"frameWidth":873,"frameX":-91,"frameHeight":873,"width":782,"height":872,"name":"11","x":1692},{"frameY":-7,"y":2619,"frameWidth":873,"frameX":-28,"frameHeight":873,"width":845,"height":866,"name":"06","x":1},{"frameY":-1,"y":875,"frameWidth":873,"frameX":-91,"frameHeight":873,"width":782,"height":872,"name":"16","x":2476},{"frameY":-1,"y":876,"frameWidth":873,"frameX":-59,"frameHeight":873,"width":814,"height":872,"name":"10","x":876},{"frameY":-77,"y":1750,"frameWidth":873,"frameX":0,"frameHeight":873,"width":850,"height":796,"name":"07","x":2476},{"frameY":-1,"y":1,"frameWidth":873,"frameX":-91,"frameHeight":873,"width":782,"height":872,"name":"15","x":3291},{"frameY":-1,"y":1,"frameWidth":873,"frameX":-91,"frameHeight":873,"width":782,"height":872,"name":"12","x":2507},{"frameY":0,"y":875,"frameWidth":873,"frameX":-42,"frameHeight":873,"width":778,"height":873,"name":"05","x":3260},{"width":873,"y":1,"height":873,"name":"08","x":1},{"frameY":-1,"y":1748,"frameWidth":873,"frameX":-91,"frameHeight":873,"width":782,"height":872,"name":"14","x":1692}]}