{"width":2048,"imagePath":"paopaosuilie_tex.png","height":1024,"name":"paopaosuilie","SubTexture":[{"y":833,"frameX":-116,"frameHeight":598,"frameY":-340,"width":166,"frameWidth":432,"height":186,"name":"16","x":1148},{"y":1,"frameX":-152,"frameHeight":598,"frameY":-10,"width":87,"frameWidth":432,"height":410,"name":"03","x":1326},{"y":1,"frameX":-152,"frameHeight":598,"frameY":-10,"width":87,"frameWidth":432,"height":415,"name":"04","x":1237},{"y":1,"frameX":-92,"frameHeight":598,"frameY":-315,"width":217,"frameWidth":432,"height":216,"name":"15","x":1004},{"y":518,"frameX":-126,"frameHeight":598,"frameY":-22,"width":142,"frameWidth":432,"height":477,"name":"09","x":1004},{"y":1,"frameX":-22,"frameHeight":598,"frameY":-82,"width":353,"frameWidth":432,"height":515,"name":"12","x":411},{"y":198,"frameX":-114,"frameHeight":598,"frameY":-337,"width":169,"frameWidth":432,"height":192,"name":"17","x":1415},{"y":519,"frameX":-138,"frameHeight":598,"frameY":-19,"width":118,"frameWidth":432,"height":476,"name":"07","x":853},{"y":418,"frameX":-148,"frameHeight":598,"frameY":-19,"width":87,"frameWidth":432,"height":413,"name":"05","x":1237},{"y":1,"frameX":0,"frameHeight":598,"frameY":-82,"width":408,"frameWidth":432,"height":516,"name":"13","x":1},{"y":219,"frameX":-148,"frameHeight":598,"frameY":-19,"width":87,"frameWidth":432,"height":423,"name":"06","x":1148},{"y":519,"frameX":-136,"frameHeight":598,"frameY":-22,"width":122,"frameWidth":432,"height":475,"name":"08","x":729},{"y":413,"frameX":-112,"frameHeight":598,"frameY":-334,"width":176,"frameWidth":432,"height":197,"name":"19","x":1326},{"y":519,"frameX":0,"frameHeight":598,"frameY":-160,"width":432,"frameWidth":432,"height":438,"name":"14","x":1},{"y":518,"frameX":-52,"frameHeight":598,"frameY":-81,"width":292,"frameWidth":432,"height":485,"name":"11","x":435},{"y":1,"frameX":-113,"frameHeight":598,"frameY":-335,"width":173,"frameWidth":432,"height":195,"name":"18","x":1415},{"y":1,"frameX":-80,"frameHeight":598,"frameY":-22,"width":236,"frameWidth":432,"height":516,"name":"10","x":766}]}