{"frameRate":24,"name":"paopaosuilie","version":"5.5","compatibleVersion":"5.5","armature":[{"type":"Sheet","frameRate":35,"name":"paopaosuilie","aabb":{"x":-193,"y":-420,"width":432,"height":598},"bone":[{"name":"root"}],"slot":[{"name":"sheetSlot","parent":"root"}],"skin":[{"slot":[{"name":"sheetSlot","display":[{"name":"03","transform":{"x":23,"y":-121}},{"name":"04","transform":{"x":23,"y":-121}},{"name":"05","transform":{"x":23,"y":-121}},{"name":"06","transform":{"x":23,"y":-121}},{"name":"07","transform":{"x":23,"y":-121}},{"name":"08","transform":{"x":23,"y":-121}},{"name":"09","transform":{"x":23,"y":-121}},{"name":"10","transform":{"x":23,"y":-121}},{"name":"11","transform":{"x":23,"y":-121}},{"name":"12","transform":{"x":23,"y":-121}},{"name":"13","transform":{"x":23,"y":-121}},{"name":"14","transform":{"x":23,"y":-121}},{"name":"15","transform":{"x":23,"y":-121}},{"name":"16","transform":{"x":23,"y":-121}},{"name":"17","transform":{"x":23,"y":-121}},{"name":"18","transform":{"x":23,"y":-121}},{"name":"19","transform":{"x":23,"y":-121}}]}]}],"animation":[{"duration":17,"playTimes":0,"name":"paopaosuilie","slot":[{"name":"sheetSlot","displayFrame":[{},{"value":1},{"value":2},{"value":3},{"value":4},{"value":5},{"value":6},{"value":7},{"value":8},{"value":9},{"value":10},{"value":11},{"value":12},{"value":13},{"value":14},{"value":15},{"value":16}]}]}],"defaultActions":[{"gotoAndPlay":"paopaosuilie"}]}]}