{
    "res": {
        "Sprite_56": {
            "x": 376,
            "y": 1,
            "w": 143,
            "h": 148
        },
        "Sprite_32": {
            "x": 1,
            "y": 661,
            "w": 143,
            "h": 148
        },
        "Sprite_19": {
            "x": 956,
            "y": 299,
            "w": 143,
            "h": 147
        },
        "Sprite_45": {
            "x": 1,
            "y": 811,
            "w": 143,
            "h": 148
        },
        "Sprite_12": {
            "x": 1160,
            "y": 895,
            "w": 115,
            "h": 122
        },
        "Sprite_40": {
            "x": 146,
            "y": 661,
            "w": 143,
            "h": 148
        },
        "Sprite_21": {
            "x": 726,
            "y": 601,
            "w": 143,
            "h": 147
        },
        "Sprite_25": {
            "x": 811,
            "y": 1,
            "w": 143,
            "h": 147
        },
        "Sprite_9": {
            "x": 1101,
            "y": 370,
            "w": 115,
            "h": 121
        },
        "Sprite_36": {
            "x": 146,
            "y": 811,
            "w": 143,
            "h": 148
        },
        "Sprite_13": {
            "x": 1745,
            "y": 1,
            "w": 115,
            "h": 121
        },
        "Sprite_17": {
            "x": 1101,
            "y": 124,
            "w": 115,
            "h": 121
        },
        "Sprite_2": {
            "x": 1101,
            "y": 247,
            "w": 115,
            "h": 121
        },
        "Sprite_52": {
            "x": 291,
            "y": 811,
            "w": 143,
            "h": 148
        },
        "Sprite_42": {
            "x": 231,
            "y": 1,
            "w": 143,
            "h": 148
        },
        "Sprite_10": {
            "x": 554,
            "y": 901,
            "w": 116,
            "h": 121
        },
        "Sprite_43": {
            "x": 231,
            "y": 151,
            "w": 143,
            "h": 148
        },
        "Sprite_54": {
            "x": 231,
            "y": 301,
            "w": 143,
            "h": 148
        },
        "Sprite_5": {
            "x": 1161,
            "y": 493,
            "w": 115,
            "h": 121
        },
        "Sprite_18": {
            "x": 1277,
            "y": 895,
            "w": 115,
            "h": 121
        },
        "Sprite_4": {
            "x": 1628,
            "y": 1,
            "w": 115,
            "h": 121
        },
        "Sprite_34": {
            "x": 231,
            "y": 451,
            "w": 143,
            "h": 148
        },
        "Sprite_23": {
            "x": 811,
            "y": 299,
            "w": 143,
            "h": 147
        },
        "Sprite_48": {
            "x": 291,
            "y": 601,
            "w": 143,
            "h": 148
        },
        "Sprite_24": {
            "x": 956,
            "y": 448,
            "w": 143,
            "h": 147
        },
        "Sprite_59": {
            "x": 1160,
            "y": 746,
            "w": 142,
            "h": 147
        },
        "Sprite_29": {
            "x": 1016,
            "y": 597,
            "w": 143,
            "h": 147
        },
        "Sprite_16": {
            "x": 1394,
            "y": 895,
            "w": 115,
            "h": 121
        },
        "Sprite_60": {
            "x": 1,
            "y": 1,
            "w": 228,
            "h": 658
        },
        "Sprite_41": {
            "x": 376,
            "y": 151,
            "w": 143,
            "h": 148
        },
        "Sprite_6": {
            "x": 1862,
            "y": 1,
            "w": 115,
            "h": 121
        },
        "Sprite_28": {
            "x": 811,
            "y": 150,
            "w": 143,
            "h": 147
        },
        "Sprite_15": {
            "x": 672,
            "y": 901,
            "w": 115,
            "h": 122
        },
        "Sprite_51": {
            "x": 376,
            "y": 301,
            "w": 143,
            "h": 148
        },
        "Sprite_3": {
            "x": 436,
            "y": 901,
            "w": 116,
            "h": 122
        },
        "Sprite_8": {
            "x": 989,
            "y": 896,
            "w": 115,
            "h": 121
        },
        "Sprite_26": {
            "x": 811,
            "y": 448,
            "w": 143,
            "h": 147
        },
        "Sprite_58": {
            "x": 1016,
            "y": 746,
            "w": 142,
            "h": 148
        },
        "Sprite_0": {
            "x": 1511,
            "y": 1,
            "w": 115,
            "h": 121
        },
        "Sprite_14": {
            "x": 1161,
            "y": 1,
            "w": 115,
            "h": 121
        },
        "Sprite_20": {
            "x": 871,
            "y": 597,
            "w": 143,
            "h": 147
        },
        "Sprite_27": {
            "x": 956,
            "y": 1,
            "w": 143,
            "h": 147
        },
        "Sprite_30": {
            "x": 956,
            "y": 150,
            "w": 143,
            "h": 147
        },
        "Sprite_33": {
            "x": 376,
            "y": 451,
            "w": 143,
            "h": 148
        },
        "Sprite_46": {
            "x": 521,
            "y": 451,
            "w": 143,
            "h": 148
        },
        "Sprite_57": {
            "x": 436,
            "y": 601,
            "w": 143,
            "h": 148
        },
        "Sprite_39": {
            "x": 436,
            "y": 751,
            "w": 143,
            "h": 148
        },
        "Sprite_50": {
            "x": 581,
            "y": 601,
            "w": 143,
            "h": 148
        },
        "Sprite_35": {
            "x": 581,
            "y": 751,
            "w": 143,
            "h": 148
        },
        "Sprite_47": {
            "x": 726,
            "y": 751,
            "w": 143,
            "h": 148
        },
        "Sprite_49": {
            "x": 521,
            "y": 1,
            "w": 143,
            "h": 148
        },
        "Sprite_7": {
            "x": 1304,
            "y": 1,
            "w": 115,
            "h": 121
        },
        "Sprite_38": {
            "x": 521,
            "y": 151,
            "w": 143,
            "h": 148
        },
        "Sprite_22": {
            "x": 871,
            "y": 746,
            "w": 143,
            "h": 147
        },
        "Sprite_1": {
            "x": 871,
            "y": 895,
            "w": 116,
            "h": 122
        },
        "Sprite_37": {
            "x": 521,
            "y": 301,
            "w": 143,
            "h": 148
        },
        "Sprite_44": {
            "x": 666,
            "y": 1,
            "w": 143,
            "h": 148
        },
        "Sprite_55": {
            "x": 666,
            "y": 151,
            "w": 143,
            "h": 148
        },
        "Sprite_53": {
            "x": 666,
            "y": 301,
            "w": 143,
            "h": 148
        },
        "Sprite_31": {
            "x": 666,
            "y": 451,
            "w": 143,
            "h": 148
        },
        "Sprite_11": {
            "x": 1161,
            "y": 616,
            "w": 115,
            "h": 121
        }
    },
    "file": "shouzhi2.png",
    "mc": {
        "shouzhi2": {
            "frames": [
                {
                    "res": "Sprite_0",
                    "y": -253,
                    "duration": 1,
                    "x": -24
                },
                {
                    "res": "Sprite_1",
                    "y": -261,
                    "duration": 1,
                    "x": -40
                },
                {
                    "res": "Sprite_2",
                    "y": -269,
                    "duration": 1,
                    "x": -55
                },
                {
                    "res": "Sprite_3",
                    "y": -277,
                    "duration": 1,
                    "x": -71
                },
                {
                    "res": "Sprite_4",
                    "y": -285,
                    "duration": 1,
                    "x": -86
                },
                {
                    "res": "Sprite_5",
                    "y": -285,
                    "duration": 1,
                    "x": -86
                },
                {
                    "res": "Sprite_6",
                    "y": -285,
                    "duration": 1,
                    "x": -86
                },
                {
                    "res": "Sprite_7",
                    "y": -285,
                    "duration": 1,
                    "x": -86
                },
                {
                    "res": "Sprite_8",
                    "y": -285,
                    "duration": 1,
                    "x": -86
                },
                {
                    "res": "Sprite_9",
                    "y": -285,
                    "duration": 1,
                    "x": -86
                },
                {
                    "res": "Sprite_10",
                    "y": -278,
                    "duration": 1,
                    "x": -74
                },
                {
                    "res": "Sprite_11",
                    "y": -272,
                    "duration": 1,
                    "x": -61
                },
                {
                    "res": "Sprite_12",
                    "y": -266,
                    "duration": 1,
                    "x": -49
                },
                {
                    "res": "Sprite_13",
                    "y": -259,
                    "duration": 1,
                    "x": -36
                },
                {
                    "res": "Sprite_14",
                    "y": -253,
                    "duration": 1,
                    "x": -24
                },
                {
                    "res": "Sprite_15",
                    "y": -258,
                    "duration": 1,
                    "x": -36
                },
                {
                    "res": "Sprite_16",
                    "y": -262,
                    "duration": 1,
                    "x": -48
                },
                {
                    "res": "Sprite_17",
                    "y": -267,
                    "duration": 1,
                    "x": -60
                },
                {
                    "res": "Sprite_18",
                    "y": -272,
                    "duration": 1,
                    "x": -72
                },
                {
                    "res": "Sprite_19",
                    "y": -303,
                    "duration": 1,
                    "x": -112
                },
                {
                    "res": "Sprite_20",
                    "y": -303,
                    "duration": 1,
                    "x": -112
                },
                {
                    "res": "Sprite_21",
                    "y": -303,
                    "duration": 1,
                    "x": -112
                },
                {
                    "res": "Sprite_22",
                    "y": -303,
                    "duration": 1,
                    "x": -112
                },
                {
                    "res": "Sprite_23",
                    "y": -303,
                    "duration": 1,
                    "x": -112
                },
                {
                    "res": "Sprite_24",
                    "y": -303,
                    "duration": 1,
                    "x": -112
                },
                {
                    "res": "Sprite_25",
                    "y": -303,
                    "duration": 1,
                    "x": -112
                },
                {
                    "res": "Sprite_26",
                    "y": -280,
                    "duration": 1,
                    "x": -112
                },
                {
                    "res": "Sprite_27",
                    "y": -257,
                    "duration": 1,
                    "x": -112
                },
                {
                    "res": "Sprite_28",
                    "y": -234,
                    "duration": 1,
                    "x": -112
                },
                {
                    "res": "Sprite_29",
                    "y": -211,
                    "duration": 1,
                    "x": -112
                },
                {
                    "res": "Sprite_30",
                    "y": -188,
                    "duration": 1,
                    "x": -112
                },
                {
                    "res": "Sprite_31",
                    "y": -166,
                    "duration": 1,
                    "x": -112
                },
                {
                    "res": "Sprite_32",
                    "y": -143,
                    "duration": 1,
                    "x": -112
                },
                {
                    "res": "Sprite_33",
                    "y": -120,
                    "duration": 1,
                    "x": -112
                },
                {
                    "res": "Sprite_34",
                    "y": -97,
                    "duration": 1,
                    "x": -112
                },
                {
                    "res": "Sprite_35",
                    "y": -74,
                    "duration": 1,
                    "x": -112
                },
                {
                    "res": "Sprite_36",
                    "y": -51,
                    "duration": 1,
                    "x": -112
                },
                {
                    "res": "Sprite_37",
                    "y": -28,
                    "duration": 1,
                    "x": -112
                },
                {
                    "res": "Sprite_38",
                    "y": -5,
                    "duration": 1,
                    "x": -112
                },
                {
                    "res": "Sprite_39",
                    "y": 18,
                    "duration": 1,
                    "x": -112
                },
                {
                    "res": "Sprite_40",
                    "y": 41,
                    "duration": 1,
                    "x": -112
                },
                {
                    "res": "Sprite_41",
                    "y": 64,
                    "duration": 1,
                    "x": -112
                },
                {
                    "res": "Sprite_42",
                    "y": 87,
                    "duration": 1,
                    "x": -112
                },
                {
                    "res": "Sprite_43",
                    "y": 110,
                    "duration": 1,
                    "x": -112
                },
                {
                    "res": "Sprite_44",
                    "y": 133,
                    "duration": 1,
                    "x": -112
                },
                {
                    "res": "Sprite_45",
                    "y": 156,
                    "duration": 1,
                    "x": -112
                },
                {
                    "res": "Sprite_46",
                    "y": 156,
                    "duration": 1,
                    "x": -112
                },
                {
                    "res": "Sprite_47",
                    "y": 156,
                    "duration": 1,
                    "x": -112
                },
                {
                    "res": "Sprite_48",
                    "y": 156,
                    "duration": 1,
                    "x": -112
                },
                {
                    "res": "Sprite_49",
                    "y": 156,
                    "duration": 1,
                    "x": -112
                },
                {
                    "res": "Sprite_50",
                    "y": 156,
                    "duration": 1,
                    "x": -112
                },
                {
                    "res": "Sprite_51",
                    "y": 156,
                    "duration": 1,
                    "x": -112
                },
                {
                    "res": "Sprite_52",
                    "y": 156,
                    "duration": 1,
                    "x": -112
                },
                {
                    "res": "Sprite_53",
                    "y": 156,
                    "duration": 1,
                    "x": -112
                },
                {
                    "res": "Sprite_54",
                    "y": 156,
                    "duration": 1,
                    "x": -112
                },
                {
                    "res": "Sprite_55",
                    "y": 156,
                    "duration": 1,
                    "x": -112
                },
                {
                    "res": "Sprite_56",
                    "y": 156,
                    "duration": 1,
                    "x": -112
                },
                {
                    "res": "Sprite_57",
                    "y": 156,
                    "duration": 1,
                    "x": -112
                },
                {
                    "res": "Sprite_58",
                    "y": 156,
                    "duration": 1,
                    "x": -112
                },
                {
                    "res": "Sprite_59",
                    "y": 156,
                    "duration": 1,
                    "x": -112
                },
                {
                    "res": "Sprite_60",
                    "y": -329,
                    "duration": 1,
                    "x": -114
                }
            ],
            "labels": [
                {
                    "end": 61,
                    "frame": 1,
                    "name": "Sprite"
                }
            ],
            "frameRate": 24,
            "events": []
        }
    }
}