{"width":1955,"height":1542,"name":"swallow1","SubTexture":[{"frameX":-79,"y":467,"frameY":-31,"frameWidth":520,"width":359,"frameHeight":435,"height":359,"name":"R2","x":284},{"frameX":-115,"y":338,"frameY":-36,"frameWidth":520,"width":316,"frameHeight":435,"height":366,"name":"R4","x":1460},{"frameX":-57,"y":1,"frameY":-50,"frameWidth":520,"width":423,"frameHeight":435,"height":335,"name":"R1","x":1530},{"frameX":-65,"y":530,"frameY":-73,"frameWidth":520,"width":350,"frameHeight":435,"height":320,"name":"R3","x":876},{"frameX":-145,"y":467,"frameY":-10,"frameWidth":440,"width":229,"frameHeight":559,"height":528,"name":"R5","x":645},{"frameX":-117,"y":1005,"frameY":-18,"frameWidth":440,"width":210,"frameHeight":559,"height":535,"name":"R6","x":1},{"width":397,"y":852,"height":218,"name":"燕子身体","x":876},{"width":192,"y":1172,"height":184,"name":"燕子头","x":542},{"width":230,"y":530,"height":291,"name":"燕子尾巴1","x":1228},{"width":332,"y":997,"height":173,"name":"燕子尾巴2","x":542},{"frameX":0,"y":828,"frameY":-7,"frameWidth":80,"width":80,"frameHeight":121,"height":104,"name":"燕子睁眼","x":542},{"frameX":-31,"y":1,"frameY":-28,"frameWidth":700,"width":609,"frameHeight":350,"height":281,"name":"L4","x":919},{"frameX":-47,"y":1,"frameY":-11,"frameWidth":600,"width":520,"frameHeight":450,"height":399,"name":"L5","x":1},{"frameX":-64,"y":1,"frameY":-47,"frameWidth":480,"width":394,"frameHeight":559,"height":464,"name":"L1","x":523},{"frameX":-127,"y":828,"frameY":-48,"frameWidth":480,"width":256,"frameHeight":559,"height":467,"name":"L2","x":284},{"frameX":-7,"y":284,"frameY":-22,"frameWidth":550,"width":539,"frameHeight":300,"height":244,"name":"L3","x":919},{"frameX":-88,"y":402,"frameY":-15,"frameWidth":426,"width":281,"frameHeight":633,"height":601,"name":"L6","x":1}],"imagePath":"swallow1_tex.png"}