{
"texture":"光点01.png",
"startBlue":255
,"startGreen":255
,"emitterVariance":{"x":0,"y":50}
,"maxRadiusVariance":30
,"lifespan":500
,"startAlpha":0.8901960784313725
,"minRadius":20
,"lifespanVariance":500
,"maxRadius":100
,"minRadiusVariance":10
,"startSize":45
,"blendFactorSource":"one"
,"rotatePerSecond":30
,"startSizeVariance":10
,"blendFactorDestination":"oneMinusSourceAlpha"
,"rotatePerSecondVariance":10
,"endSize":5
,"endSizeVariance":5
,"emitterType":0
,"endBlue":255
,"engGreenVariance":0
,"startGreenVariance":0
,"startRedVariance":0
,"emitAngleVariance":360
,"startBlueVariance":0
,"endGreen":255
,"endAlphaVariance":0
,"endRedVariance":0
,"emitter":{"x":300,"y":220}
,"endRotation":263.58
,"startRotation":0
,"endRotationVariance":292.07
,"startRotationVariance":45
,"gravity":{"x":-500,"y":-200}
,"speedVariance":0
,"startAlphaVariance":0
,"speed":20
,"emitAngle":180
,"startRed":255
,"endRed":255
,"radialAcceleration":0
,"maxParticles":70
,"radialAccelerationVariance":0
,"duration":-1
,"endBlueVariance":0
,"tangentialAcceleration":0
,"endAlpha":1
,"tangentialAccelerationVariance":0
}