{
"texture":"向上飞的点01.png",
"maxParticles":13
,"radialAccelerationVariance":0
,"emitterType":0
,"endBlue":255
,"tangentialAcceleration":0
,"tangentialAccelerationVariance":0
,"startAlphaVariance":0
,"endRedVariance":0
,"blendFactorSource":"one"
,"maxRadiusVariance":30
,"lifespan":1000
,"blendFactorDestination":"oneMinusSourceAlpha"
,"minRadius":20
,"lifespanVariance":1000
,"emitterVariance":{"x":400,"y":0}
,"minRadiusVariance":10
,"startSize":75
,"endRotationVariance":0
,"startAlpha":0.8901960784313725
,"startSizeVariance":10
,"endGreen":255
,"rotatePerSecondVariance":10
,"startRedVariance":0
,"maxRadius":100
,"startRed":255
,"endSizeVariance":5
,"rotatePerSecond":30
,"endAlphaVariance":0
,"emitAngle":0
,"startGreen":255
,"endSize":5
,"emitAngleVariance":360
,"startRotation":0
,"duration":-1
,"startRotationVariance":0
,"endRed":255
,"gravity":{"x":0,"y":-2000}
,"emitter":{"x":540,"y":1080}
,"startBlueVariance":0
,"endBlueVariance":0
,"speed":0
,"engGreenVariance":0
,"speedVariance":0
,"startGreenVariance":0
,"endAlpha":1
,"startBlue":255
,"endRotation":0
,"radialAcceleration":0
}