{
"texture":"喷射烟01_03.png",
"startGreen":255
,"radialAccelerationVariance":0
,"duration":-1
,"tangentialAcceleration":0
,"tangentialAccelerationVariance":0
,"endRed":255
,"maxRadius":100
,"blendFactorSource":"one"
,"maxRadiusVariance":30
,"lifespan":300
,"blendFactorDestination":"oneMinusSourceAlpha"
,"minRadius":20
,"endGreen":255
,"emitterType":0
,"startSize":200
,"rotatePerSecond":30
,"startSizeVariance":0
,"rotatePerSecondVariance":10
,"endBlueVariance":0
,"minRadiusVariance":10
,"endAlphaVariance":0
,"endSizeVariance":0
,"startGreenVariance":0
,"emitAngle":0
,"endSize":200
,"emitAngleVariance":0
,"startRedVariance":0
,"startRed":255
,"startRotation":0
,"engGreenVariance":0
,"startRotationVariance":0
,"endRedVariance":0
,"lifespanVariance":0
,"emitterVariance":{"x":0,"y":0}
,"endBlue":255
,"maxParticles":5
,"emitter":{"x":513,"y":44}
,"speed":0
,"startBlue":255
,"gravity":{"x":0,"y":300}
,"speedVariance":0
,"endRotationVariance":0
,"startAlphaVariance":0
,"endAlpha":0.38823529411764707
,"startBlueVariance":0
,"endRotation":0
,"radialAcceleration":0
,"startAlpha":0.38823529411764707
}