{
"texture":"光线.png",
"startBlue":255
,"startGreen":255
,"tangentialAcceleration":0
,"maxRadiusVariance":30
,"lifespan":300
,"startAlpha":0.8901960784313725
,"minRadius":20
,"endBlueVariance":0
,"maxRadius":100
,"minRadiusVariance":10
,"startSize":140
,"emitterVariance":{"x":2,"y":0}
,"rotatePerSecond":30
,"startSizeVariance":0
,"tangentialAccelerationVariance":0
,"startGreenVariance":0
,"endSize":70
,"endSizeVariance":0
,"duration":-1
,"endBlue":255
,"emitAngle":0
,"rotatePerSecondVariance":10
,"startRedVariance":0
,"emitAngleVariance":0
,"startRotation":0
,"endGreen":255
,"endAlphaVariance":0
,"endRedVariance":0
,"emitter":{"x":650,"y":150}
,"gravity":{"x":0,"y":0}
,"startAlphaVariance":0
,"maxParticles":5
,"startRotationVariance":0
,"endRotation":0
,"endRed":255
,"startBlueVariance":0
,"speed":0
,"engGreenVariance":0
,"startRed":255
,"speedVariance":0
,"radialAcceleration":0
,"endRotationVariance":0
,"radialAccelerationVariance":0
,"emitterType":0
,"lifespanVariance":0
,"blendFactorSource":"one"
,"endAlpha":1
,"blendFactorDestination":"oneMinusSourceAlpha"
}