{
"texture":"向上飞的线.png",
"maxParticles":20
,"radialAccelerationVariance":0
,"duration":-1
,"endBlue":255
,"blendFactorSource":"one"
,"blendFactorDestination":"oneMinusSourceAlpha"
,"startAlphaVariance":0
,"endRedVariance":0
,"tangentialAcceleration":0
,"maxRadiusVariance":30
,"lifespan":1300
,"tangentialAccelerationVariance":0
,"minRadius":20
,"lifespanVariance":500
,"emitterVariance":{"x":480,"y":0}
,"minRadiusVariance":10
,"startSize":100
,"endRotationVariance":0
,"startAlpha":0.8901960784313725
,"startSizeVariance":5
,"endGreen":255
,"rotatePerSecondVariance":10
,"startRedVariance":0
,"maxRadius":100
,"startRed":255
,"endSizeVariance":5
,"rotatePerSecond":30
,"endAlphaVariance":0
,"emitAngle":0
,"startGreen":255
,"endSize":10
,"emitAngleVariance":360
,"startRotation":0
,"emitterType":0
,"startRotationVariance":0
,"endRed":255
,"gravity":{"x":0,"y":-1700}
,"emitter":{"x":540,"y":1080}
,"startBlueVariance":0
,"endBlueVariance":0
,"speed":0
,"engGreenVariance":0
,"speedVariance":0
,"startGreenVariance":0
,"endAlpha":1
,"startBlue":255
,"endRotation":0
,"radialAcceleration":0
}