{"SubTexture":[{"frameHeight":800,"y":2020,"frameWidth":1000,"frameX":-47,"width":910,"frameY":-132,"height":668,"name":"四年级-数列3修改0120","x":2737},{"frameHeight":800,"y":3360,"frameWidth":1000,"frameX":-47,"width":910,"frameY":-132,"height":668,"name":"四年级-数列3修改0119","x":2737},{"frameHeight":800,"y":1,"frameWidth":1000,"frameX":-47,"width":910,"frameY":-129,"height":671,"name":"四年级-数列3修改0104","x":913},{"frameHeight":800,"y":674,"frameWidth":1000,"frameX":-47,"width":910,"frameY":-129,"height":671,"name":"四年级-数列3修改0103","x":913},{"frameHeight":800,"y":2690,"frameWidth":1000,"frameX":-47,"width":910,"frameY":-132,"height":668,"name":"四年级-数列3修改0118","x":2737},{"frameHeight":800,"y":674,"frameWidth":1000,"frameX":-47,"width":910,"frameY":-129,"height":671,"name":"四年级-数列3修改0109","x":2737},{"frameHeight":800,"y":2020,"frameWidth":1000,"frameX":-47,"width":910,"frameY":-129,"height":671,"name":"四年级-数列3修改0122","x":1},{"frameHeight":800,"y":1347,"frameWidth":1000,"frameX":-47,"width":910,"frameY":-129,"height":671,"name":"四年级-数列3修改0105","x":2737},{"frameHeight":800,"y":1347,"frameWidth":1000,"frameX":-47,"width":910,"frameY":-129,"height":671,"name":"四年级-数列3修改0107","x":1825},{"frameHeight":800,"y":2020,"frameWidth":1000,"frameX":-47,"width":910,"frameY":-132,"height":668,"name":"四年级-数列3修改0112","x":1825},{"frameHeight":800,"y":3366,"frameWidth":1000,"frameX":-47,"width":910,"frameY":-129,"height":671,"name":"四年级-数列3修改0116","x":1},{"frameHeight":800,"y":2020,"frameWidth":1000,"frameX":-47,"width":910,"frameY":-129,"height":671,"name":"四年级-数列3修改0111","x":913},{"frameHeight":800,"y":1347,"frameWidth":1000,"frameX":-47,"width":910,"frameY":-129,"height":671,"name":"四年级-数列3修改0108","x":913},{"frameHeight":800,"y":674,"frameWidth":1000,"frameX":-47,"width":910,"frameY":-129,"height":671,"name":"四年级-数列3修改0125","x":1825},{"frameHeight":800,"y":1,"frameWidth":1000,"frameX":-47,"width":910,"frameY":-129,"height":671,"name":"四年级-数列3修改0110","x":1},{"frameHeight":800,"y":1,"frameWidth":1000,"frameX":-47,"width":910,"frameY":-129,"height":671,"name":"四年级-数列3修改0124","x":1825},{"frameHeight":800,"y":2693,"frameWidth":1000,"frameX":-47,"width":910,"frameY":-129,"height":671,"name":"四年级-数列3修改0117","x":1},{"frameHeight":800,"y":2693,"frameWidth":1000,"frameX":-47,"width":910,"frameY":-129,"height":671,"name":"四年级-数列3修改0115","x":913},{"frameHeight":800,"y":3366,"frameWidth":1000,"frameX":-47,"width":910,"frameY":-129,"height":671,"name":"四年级-数列3修改0123","x":913},{"frameHeight":800,"y":674,"frameWidth":1000,"frameX":-47,"width":910,"frameY":-129,"height":671,"name":"四年级-数列3修改0121","x":1},{"frameHeight":800,"y":2690,"frameWidth":1000,"frameX":-47,"width":910,"frameY":-132,"height":668,"name":"四年级-数列3修改0113","x":1825},{"frameHeight":800,"y":1,"frameWidth":1000,"frameX":-47,"width":910,"frameY":-129,"height":671,"name":"四年级-数列3修改0126","x":2737},{"frameHeight":800,"y":3360,"frameWidth":1000,"frameX":-47,"width":910,"frameY":-132,"height":668,"name":"四年级-数列3修改0114","x":1825},{"frameHeight":800,"y":1347,"frameWidth":1000,"frameX":-47,"width":910,"frameY":-129,"height":671,"name":"四年级-数列3修改0106","x":1}],"width":4096,"imagePath":"NewProject_3_tex.png","height":4096,"name":"NewProject_3"}