{
    "file": "shou1_tex.png",
    "mc": {
        "shou": {
            "frames": [
                {
                    "y": -97,
                    "duration": 1,
                    "res": "Sprite_0",
                    "x": -53
                },
                {
                    "y": -100,
                    "duration": 1,
                    "res": "Sprite_1",
                    "x": -57
                },
                {
                    "y": -104,
                    "duration": 1,
                    "res": "Sprite_2",
                    "x": -60
                },
                {
                    "y": -108,
                    "duration": 1,
                    "res": "Sprite_3",
                    "x": -64
                },
                {
                    "y": -111,
                    "duration": 1,
                    "res": "Sprite_4",
                    "x": -68
                },
                {
                    "y": -115,
                    "duration": 1,
                    "res": "Sprite_5",
                    "x": -71
                },
                {
                    "y": -119,
                    "duration": 1,
                    "res": "Sprite_6",
                    "x": -75
                },
                {
                    "y": -115,
                    "duration": 1,
                    "res": "Sprite_7",
                    "x": -71
                },
                {
                    "y": -111,
                    "duration": 1,
                    "res": "Sprite_8",
                    "x": -68
                },
                {
                    "y": -108,
                    "duration": 1,
                    "res": "Sprite_9",
                    "x": -64
                },
                {
                    "y": -104,
                    "duration": 1,
                    "res": "Sprite_10",
                    "x": -60
                },
                {
                    "y": -100,
                    "duration": 1,
                    "res": "Sprite_11",
                    "x": -57
                },
                {
                    "y": -97,
                    "duration": 1,
                    "res": "Sprite_12",
                    "x": -53
                },
                {
                    "y": -100,
                    "duration": 1,
                    "res": "Sprite_13",
                    "x": -57
                },
                {
                    "y": -104,
                    "duration": 1,
                    "res": "Sprite_14",
                    "x": -60
                },
                {
                    "y": -108,
                    "duration": 1,
                    "res": "Sprite_15",
                    "x": -64
                },
                {
                    "y": -111,
                    "duration": 1,
                    "res": "Sprite_16",
                    "x": -68
                },
                {
                    "y": -115,
                    "duration": 1,
                    "res": "Sprite_17",
                    "x": -71
                },
                {
                    "y": -119,
                    "duration": 1,
                    "res": "Sprite_18",
                    "x": -75
                },
                {
                    "y": -115,
                    "duration": 1,
                    "res": "Sprite_19",
                    "x": -71
                },
                {
                    "y": -111,
                    "duration": 1,
                    "res": "Sprite_20",
                    "x": -68
                },
                {
                    "y": -108,
                    "duration": 1,
                    "res": "Sprite_21",
                    "x": -64
                },
                {
                    "y": -104,
                    "duration": 1,
                    "res": "Sprite_22",
                    "x": -60
                },
                {
                    "y": -100,
                    "duration": 1,
                    "res": "Sprite_23",
                    "x": -57
                },
                {
                    "y": -97,
                    "duration": 1,
                    "res": "Sprite_24",
                    "x": -53
                }
            ],
            "labels": [
                {
                    "end": 25,
                    "frame": 1,
                    "name": "Sprite"
                }
            ],
            "frameRate": 24,
            "events": []
        }
    },
    "res": {
        "Sprite_6": {
            "x": 1,
            "y": 1,
            "w": 116,
            "h": 122
        },
        "Sprite_2": {
            "x": 1,
            "y": 125,
            "w": 116,
            "h": 122
        },
        "Sprite_14": {
            "x": 1,
            "y": 249,
            "w": 116,
            "h": 122
        },
        "Sprite_7": {
            "x": 1,
            "y": 373,
            "w": 116,
            "h": 122
        },
        "Sprite_21": {
            "x": 119,
            "y": 1,
            "w": 116,
            "h": 122
        },
        "Sprite_18": {
            "x": 119,
            "y": 125,
            "w": 116,
            "h": 122
        },
        "Sprite_11": {
            "x": 473,
            "y": 125,
            "w": 116,
            "h": 121
        },
        "Sprite_4": {
            "x": 827,
            "y": 1,
            "w": 116,
            "h": 121
        },
        "Sprite_0": {
            "x": 119,
            "y": 249,
            "w": 116,
            "h": 122
        },
        "Sprite_8": {
            "x": 709,
            "y": 1,
            "w": 116,
            "h": 121
        },
        "Sprite_22": {
            "x": 119,
            "y": 373,
            "w": 116,
            "h": 122
        },
        "Sprite_1": {
            "x": 591,
            "y": 124,
            "w": 116,
            "h": 121
        },
        "Sprite_19": {
            "x": 237,
            "y": 1,
            "w": 116,
            "h": 122
        },
        "Sprite_5": {
            "x": 237,
            "y": 125,
            "w": 116,
            "h": 122
        },
        "Sprite_12": {
            "x": 237,
            "y": 249,
            "w": 116,
            "h": 122
        },
        "Sprite_15": {
            "x": 237,
            "y": 373,
            "w": 116,
            "h": 122
        },
        "Sprite_16": {
            "x": 591,
            "y": 247,
            "w": 116,
            "h": 121
        },
        "Sprite_9": {
            "x": 355,
            "y": 1,
            "w": 116,
            "h": 122
        },
        "Sprite_23": {
            "x": 473,
            "y": 248,
            "w": 116,
            "h": 121
        },
        "Sprite_20": {
            "x": 473,
            "y": 371,
            "w": 116,
            "h": 121
        },
        "Sprite_13": {
            "x": 591,
            "y": 1,
            "w": 116,
            "h": 121
        },
        "Sprite_17": {
            "x": 355,
            "y": 125,
            "w": 116,
            "h": 122
        },
        "Sprite_10": {
            "x": 355,
            "y": 249,
            "w": 116,
            "h": 122
        },
        "Sprite_24": {
            "x": 355,
            "y": 373,
            "w": 116,
            "h": 122
        },
        "Sprite_3": {
            "x": 473,
            "y": 1,
            "w": 116,
            "h": 122
        }
    }
}