{
    "file": "shou2_tex.png",
    "mc": {
        "shou2": {
            "frames": [
                {
                    "y": -97,
                    "duration": 1,
                    "res": "Sprite_0",
                    "x": -53
                },
                {
                    "y": -87,
                    "duration": 1,
                    "res": "Sprite_1",
                    "x": -53
                },
                {
                    "y": -79,
                    "duration": 1,
                    "res": "Sprite_2",
                    "x": -53
                },
                {
                    "y": -81,
                    "duration": 1,
                    "res": "Sprite_3",
                    "x": -53
                },
                {
                    "y": -81,
                    "duration": 1,
                    "res": "Sprite_4",
                    "x": -53
                },
                {
                    "y": -76,
                    "duration": 1,
                    "res": "Sprite_5",
                    "x": -53
                },
                {
                    "y": -79,
                    "duration": 1,
                    "res": "Sprite_6",
                    "x": -53
                },
                {
                    "y": -81,
                    "duration": 1,
                    "res": "Sprite_7",
                    "x": -53
                },
                {
                    "y": -81,
                    "duration": 1,
                    "res": "Sprite_8",
                    "x": -53
                },
                {
                    "y": -76,
                    "duration": 1,
                    "res": "Sprite_9",
                    "x": -53
                },
                {
                    "y": -81,
                    "duration": 1,
                    "res": "Sprite_10",
                    "x": -53
                },
                {
                    "y": -8,
                    "duration": 1,
                    "res": "Sprite_11",
                    "x": -53
                },
                {
                    "y": -18,
                    "duration": 1,
                    "res": "Sprite_12",
                    "x": -53
                },
                {
                    "y": -28,
                    "duration": 1,
                    "res": "Sprite_13",
                    "x": -53
                },
                {
                    "y": -38,
                    "duration": 1,
                    "res": "Sprite_14",
                    "x": -53
                },
                {
                    "y": -48,
                    "duration": 1,
                    "res": "Sprite_15",
                    "x": -53
                },
                {
                    "y": -57,
                    "duration": 1,
                    "res": "Sprite_16",
                    "x": -53
                },
                {
                    "y": -67,
                    "duration": 1,
                    "res": "Sprite_17",
                    "x": -53
                },
                {
                    "y": -77,
                    "duration": 1,
                    "res": "Sprite_18",
                    "x": -53
                },
                {
                    "y": -87,
                    "duration": 1,
                    "res": "Sprite_19",
                    "x": -53
                },
                {
                    "y": -97,
                    "duration": 1,
                    "res": "Sprite_20",
                    "x": -53
                },
                {
                    "y": -87,
                    "duration": 1,
                    "res": "Sprite_21",
                    "x": -53
                },
                {
                    "y": -79,
                    "duration": 1,
                    "res": "Sprite_22",
                    "x": -53
                },
                {
                    "y": -81,
                    "duration": 1,
                    "res": "Sprite_23",
                    "x": -53
                },
                {
                    "y": -81,
                    "duration": 1,
                    "res": "Sprite_24",
                    "x": -53
                },
                {
                    "y": -76,
                    "duration": 1,
                    "res": "Sprite_25",
                    "x": -53
                },
                {
                    "y": -79,
                    "duration": 1,
                    "res": "Sprite_26",
                    "x": -53
                },
                {
                    "y": -81,
                    "duration": 1,
                    "res": "Sprite_27",
                    "x": -53
                },
                {
                    "y": -81,
                    "duration": 1,
                    "res": "Sprite_28",
                    "x": -53
                },
                {
                    "y": -76,
                    "duration": 1,
                    "res": "Sprite_29",
                    "x": -53
                },
                {
                    "y": -81,
                    "duration": 1,
                    "res": "Sprite_30",
                    "x": -53
                },
                {
                    "y": -81,
                    "duration": 1,
                    "res": "Sprite_31",
                    "x": -53
                },
                {
                    "y": -81,
                    "duration": 1,
                    "res": "Sprite_32",
                    "x": -53
                },
                {
                    "y": -135,
                    "duration": 1,
                    "res": "Sprite_33",
                    "x": -90
                }
            ],
            "labels": [
                {
                    "end": 34,
                    "frame": 1,
                    "name": "Sprite"
                }
            ],
            "frameRate": 24,
            "events": []
        }
    },
    "res": {
        "Sprite_6": {
            "x": 119,
            "y": 856,
            "w": 116,
            "h": 163
        },
        "Sprite_2": {
            "x": 355,
            "y": 598,
            "w": 116,
            "h": 123
        },
        "Sprite_14": {
            "x": 473,
            "y": 148,
            "w": 116,
            "h": 122
        },
        "Sprite_31": {
            "x": 1,
            "y": 479,
            "w": 116,
            "h": 204
        },
        "Sprite_7": {
            "x": 237,
            "y": 378,
            "w": 116,
            "h": 174
        },
        "Sprite_21": {
            "x": 537,
            "y": 1,
            "w": 116,
            "h": 122
        },
        "Sprite_18": {
            "x": 473,
            "y": 272,
            "w": 116,
            "h": 121
        },
        "Sprite_11": {
            "x": 709,
            "y": 125,
            "w": 116,
            "h": 121
        },
        "Sprite_4": {
            "x": 355,
            "y": 177,
            "w": 116,
            "h": 145
        },
        "Sprite_32": {
            "x": 1,
            "y": 273,
            "w": 116,
            "h": 204
        },
        "Sprite_28": {
            "x": 237,
            "y": 192,
            "w": 116,
            "h": 184
        },
        "Sprite_25": {
            "x": 237,
            "y": 871,
            "w": 116,
            "h": 150
        },
        "Sprite_0": {
            "x": 355,
            "y": 723,
            "w": 116,
            "h": 122
        },
        "Sprite_8": {
            "x": 119,
            "y": 670,
            "w": 116,
            "h": 184
        },
        "Sprite_22": {
            "x": 1,
            "y": 891,
            "w": 116,
            "h": 123
        },
        "Sprite_1": {
            "x": 655,
            "y": 1,
            "w": 116,
            "h": 122
        },
        "Sprite_19": {
            "x": 891,
            "y": 1,
            "w": 116,
            "h": 122
        },
        "Sprite_5": {
            "x": 237,
            "y": 719,
            "w": 116,
            "h": 150
        },
        "Sprite_12": {
            "x": 591,
            "y": 248,
            "w": 116,
            "h": 121
        },
        "Sprite_33": {
            "x": 1,
            "y": 1,
            "w": 180,
            "h": 270
        },
        "Sprite_29": {
            "x": 183,
            "y": 1,
            "w": 116,
            "h": 189
        },
        "Sprite_26": {
            "x": 237,
            "y": 554,
            "w": 116,
            "h": 163
        },
        "Sprite_15": {
            "x": 773,
            "y": 1,
            "w": 116,
            "h": 122
        },
        "Sprite_16": {
            "x": 591,
            "y": 125,
            "w": 116,
            "h": 121
        },
        "Sprite_9": {
            "x": 119,
            "y": 479,
            "w": 116,
            "h": 189
        },
        "Sprite_23": {
            "x": 355,
            "y": 324,
            "w": 116,
            "h": 135
        },
        "Sprite_20": {
            "x": 355,
            "y": 847,
            "w": 116,
            "h": 122
        },
        "Sprite_13": {
            "x": 709,
            "y": 248,
            "w": 116,
            "h": 121
        },
        "Sprite_30": {
            "x": 1,
            "y": 685,
            "w": 116,
            "h": 204
        },
        "Sprite_27": {
            "x": 301,
            "y": 1,
            "w": 116,
            "h": 174
        },
        "Sprite_17": {
            "x": 827,
            "y": 125,
            "w": 116,
            "h": 121
        },
        "Sprite_10": {
            "x": 119,
            "y": 273,
            "w": 116,
            "h": 204
        },
        "Sprite_24": {
            "x": 419,
            "y": 1,
            "w": 116,
            "h": 145
        },
        "Sprite_3": {
            "x": 355,
            "y": 461,
            "w": 116,
            "h": 135
        }
    }
}