{"mc":{
	"v3":{
		"frameRate":24,
		"events":[
			
			],
		"frames":[
			
			{
			"res":"469F761B",
			"x":479,
			"y":670
			},
			{
			"res":"B7CBA26C",
			"x":479,
			"y":670
			},
			{
			"res":"A6895926",
			"x":479,
			"y":670
			},
			{
			"res":"6F3ED24C",
			"x":479,
			"y":670
			},
			{
			"res":"4AB4C624",
			"x":479,
			"y":603
			},
			{
			"res":"20FA274B",
			"x":479,
			"y":510
			},
			{
			"res":"48AFF2D8",
			"x":479,
			"y":417
			},
			{
			"res":"34D0DD65",
			"x":479,
			"y":323
			},
			{
			"res":"BB5C46C6",
			"x":479,
			"y":230
			},
			{
			"res":"AD5A46DA",
			"x":479,
			"y":137,
			"duration":6
			},
			{
			"res":"7D5EF31C",
			"x":479,
			"y":137
			},
			{
			"res":"10ECFD1E",
			"x":479,
			"y":137
			},
			{
			"res":"5C670FA2",
			"x":479,
			"y":137
			},
			{
			"res":"D61524BC",
			"x":479,
			"y":137
			},
			{
			"res":"876A6D59",
			"x":479,
			"y":137,
			"duration":29
			}
			]
}},
	"res":{
		"34D0DD65":{"x":2884,"y":931,"w":959,"h":742},
		"48AFF2D8":{"x":2884,"y":1675,"w":959,"h":648},
		"469F761B":{"x":1,"y":2325,"w":959,"h":395},
		"10ECFD1E":{"x":1,"y":1,"w":959,"h":928},
		"4AB4C624":{"x":1,"y":1861,"w":959,"h":462},
		"20FA274B":{"x":1923,"y":1768,"w":959,"h":555},
		"AD5A46DA":{"x":962,"y":1,"w":959,"h":928},
		"6F3ED24C":{"x":962,"y":1861,"w":959,"h":395},
		"7D5EF31C":{"x":1923,"y":1,"w":959,"h":928},
		"876A6D59":{"x":2884,"y":1,"w":959,"h":928},
		"BB5C46C6":{"x":1923,"y":931,"w":959,"h":835},
		"D61524BC":{"x":1,"y":931,"w":959,"h":928},
		"A6895926":{"x":962,"y":2258,"w":959,"h":395},
		"5C670FA2":{"x":962,"y":931,"w":959,"h":928},
		"B7CBA26C":{"x":1923,"y":2325,"w":959,"h":395}
	}}