{"mc":{
	"v1":{
		"frameRate":24,
		"events":[
			
			],
		"frames":[
			
			{
			"res":"7C049D39",
			"x":479,
			"y":670
			},
			{
			"res":"231CAF04",
			"x":479,
			"y":670
			},
			{
			"res":"8D32ED98",
			"x":479,
			"y":670
			},
			{
			"res":"7320F392",
			"x":479,
			"y":670
			},
			{
			"res":"CDABCAEA",
			"x":479,
			"y":670
			},
			{
			"res":"CD3A0B18",
			"x":479,
			"y":603
			},
			{
			"res":"E8677FDB",
			"x":479,
			"y":504
			},
			{
			"res":"E802ECEF",
			"x":479,
			"y":404
			},
			{
			"res":"A5B81922",
			"x":479,
			"y":305
			},
			{
			"res":"2ED04AC3",
			"x":479,
			"y":206,
			"duration":6
			},
			{
			"res":"25DFD61F",
			"x":479,
			"y":206
			},
			{
			"res":"5594F000",
			"x":479,
			"y":206
			},
			{
			"res":"98035A16",
			"x":479,
			"y":206
			},
			{
			"res":"FE837FA3",
			"x":479,
			"y":206
			},
			{
			"res":"AFE32D43",
			"x":479,
			"y":206,
			"duration":29
			}
			]
}},
	"res":{
		"25DFD61F":{"x":1,"y":1,"w":959,"h":859},
		"CD3A0B18":{"x":1923,"y":1624,"w":959,"h":462},
		"A5B81922":{"x":1923,"y":862,"w":959,"h":760},
		"98035A16":{"x":962,"y":1,"w":959,"h":859},
		"FE837FA3":{"x":1923,"y":1,"w":959,"h":859},
		"AFE32D43":{"x":2884,"y":1,"w":959,"h":859},
		"8D32ED98":{"x":1,"y":1723,"w":959,"h":395},
		"7C049D39":{"x":962,"y":1723,"w":959,"h":395},
		"231CAF04":{"x":1923,"y":2088,"w":959,"h":395},
		"7320F392":{"x":2884,"y":2088,"w":959,"h":395},
		"E8677FDB":{"x":2884,"y":1525,"w":959,"h":561},
		"E802ECEF":{"x":2884,"y":862,"w":959,"h":661},
		"2ED04AC3":{"x":1,"y":862,"w":959,"h":859},
		"5594F000":{"x":962,"y":862,"w":959,"h":859},
		"CDABCAEA":{"x":1,"y":2120,"w":959,"h":395}
	}}