{"mc":{
	"yanwu":{
		"frameRate":24,
		"events":[
			
			],
		"frames":[
			
			{
			"res":"28873923",
			"x":192,
			"y":262
			},
			{
			"res":"B6A1832",
			"x":129,
			"y":159
			},
			{
			"res":"4B7FC91C",
			"x":70,
			"y":153
			},
			{
			"res":"FFF536C7",
			"x":52,
			"y":144
			},
			{
			"res":"F686534",
			"x":44,
			"y":138
			},
			{
			"res":"14092D81",
			"x":40,
			"y":126
			},
			{
			"res":"9E4019DC",
			"x":39,
			"y":114
			},
			{
			"res":"9AE4CD61",
			"x":40,
			"y":105
			},
			{
			"res":"29C4F17A",
			"x":41,
			"y":102
			},
			{
			"res":"EDF7869F",
			"x":42,
			"y":102
			},
			{
			"res":"1B6F25A4",
			"x":40,
			"y":96
			},
			{
			"res":"26E238F9",
			"x":42,
			"y":95
			},
			{
			"res":"16411C34",
			"x":43,
			"y":95
			},
			{
			"res":"BB57C343",
			"x":44,
			"y":97
			},
			{
			"res":"DFCBE2",
			"x":174,
			"y":99
			},
			{
			"res":"AE1EA7C3",
			"x":181,
			"y":148
			}
			]
}},
	"res":{
		"28873923":{"x":1806,"y":1,"w":93,"h":90},
		"AE1EA7C3":{"x":1523,"y":724,"w":308,"h":207},
		"B6A1832":{"x":1792,"y":263,"w":248,"h":195},
		"DFCBE2":{"x":1205,"y":521,"w":316,"h":257},
		"BB57C343":{"x":905,"y":1,"w":449,"h":260},
		"EDF7869F":{"x":905,"y":263,"w":444,"h":256},
		"9AE4CD61":{"x":454,"y":264,"w":435,"h":253},
		"29C4F17A":{"x":1351,"y":263,"w":439,"h":256},
		"FFF536C7":{"x":818,"y":521,"w":385,"h":213},
		"9E4019DC":{"x":1,"y":265,"w":429,"h":244},
		"4B7FC91C":{"x":1523,"y":521,"w":349,"h":201},
		"14092D81":{"x":1,"y":511,"w":417,"h":230},
		"26E238F9":{"x":1,"y":1,"w":451,"h":262},
		"F686534":{"x":420,"y":519,"w":396,"h":218},
		"16411C34":{"x":454,"y":1,"w":449,"h":261},
		"1B6F25A4":{"x":1356,"y":1,"w":448,"h":260}
	}}