{"width":2048,"SubTexture":[{"frameWidth":800,"y":902,"frameHeight":1080,"width":294,"frameX":-155,"height":99,"name":"节奏大师结束 改0011","frameY":-375,"x":1605},{"frameWidth":800,"y":1505,"frameHeight":1080,"width":508,"frameX":-292,"height":386,"name":"节奏大师结束 改0029","frameY":-694,"x":520},{"frameWidth":800,"y":1295,"frameHeight":1080,"width":447,"frameX":-300,"height":150,"name":"节奏大师结束 改0021","frameY":-802,"x":905},{"width":800,"y":1,"height":1080,"name":"节奏大师结束 改0032","x":1},{"frameWidth":800,"y":246,"frameHeight":1080,"width":370,"frameX":-228,"height":124,"name":"节奏大师结束 改0016","frameY":-589,"x":1605},{"frameWidth":800,"y":1505,"frameHeight":1080,"width":457,"frameX":-325,"height":384,"name":"节奏大师结束 改0026","frameY":-696,"x":1030},{"frameWidth":800,"y":1273,"frameHeight":1080,"width":233,"frameX":-97,"height":79,"name":"节奏大师结束 改0007","frameY":-204,"x":1787},{"frameWidth":800,"y":372,"frameHeight":1080,"width":172,"frameX":-39,"height":58,"name":"节奏大师结束 改0003","frameY":-33,"x":1605},{"frameWidth":800,"y":686,"frameHeight":1080,"width":325,"frameX":-184,"height":108,"name":"节奏大师结束 改0013","frameY":-461,"x":1605},{"frameWidth":800,"y":1893,"frameHeight":1080,"width":386,"frameX":-242,"height":129,"name":"节奏大师结束 改0017","frameY":-632,"x":520},{"frameWidth":800,"y":1188,"frameHeight":1080,"width":248,"frameX":-112,"height":83,"name":"节奏大师结束 改0008","frameY":-247,"x":1710},{"frameWidth":800,"y":1083,"frameHeight":1080,"width":339,"frameX":-376,"height":263,"name":"节奏大师结束 改0023","frameY":-791,"x":1369},{"frameWidth":800,"y":1003,"frameHeight":1080,"width":278,"frameX":-141,"height":93,"name":"节奏大师结束 改0010","frameY":-333,"x":1710},{"frameWidth":800,"y":1927,"frameHeight":1080,"width":355,"frameX":-213,"height":119,"name":"节奏大师结束 改0015","frameY":-546,"x":1},{"frameWidth":800,"y":1430,"frameHeight":1080,"width":217,"frameX":-83,"height":73,"name":"节奏大师结束 改0006","frameY":-161,"x":526},{"frameWidth":800,"y":1505,"frameHeight":1080,"width":517,"frameX":-283,"height":420,"name":"节奏大师结束 改0027","frameY":-660,"x":1},{"frameWidth":800,"y":1,"frameHeight":1080,"width":218,"frameX":-426,"height":243,"name":"节奏大师结束 改0030","frameY":-811,"x":1787},{"frameWidth":800,"y":1424,"frameHeight":1080,"width":186,"frameX":-54,"height":63,"name":"节奏大师结束 改0004","frameY":-76,"x":1787},{"width":800,"y":1,"height":1080,"name":"节奏大师结束 改0001","x":803},{"frameWidth":800,"y":1083,"frameHeight":1080,"width":377,"frameX":-365,"height":345,"name":"节奏大师结束 改0025","frameY":-735,"x":526},{"frameWidth":800,"y":796,"frameHeight":1080,"width":309,"frameX":-170,"height":104,"name":"节奏大师结束 改0012","frameY":-418,"x":1605},{"frameWidth":800,"y":1430,"frameHeight":1080,"width":156,"frameX":-25,"height":43,"name":"节奏大师结束 改0002","frameY":0,"x":745},{"frameWidth":800,"y":1083,"frameHeight":1080,"width":462,"frameX":-315,"height":210,"name":"节奏大师结束 改0022","frameY":-819,"x":905},{"frameWidth":800,"y":1083,"frameHeight":1080,"width":523,"frameX":-277,"height":420,"name":"节奏大师结束 改0028","frameY":-660,"x":1},{"frameWidth":800,"y":570,"frameHeight":1080,"width":339,"frameX":-199,"height":114,"name":"节奏大师结束 改0014","frameY":-503,"x":1605},{"frameWidth":800,"y":1505,"frameHeight":1080,"width":377,"frameX":-365,"height":345,"name":"节奏大师结束 改0024","frameY":-735,"x":1489},{"frameWidth":800,"y":372,"frameHeight":1080,"width":223,"frameX":-423,"height":196,"name":"节奏大师结束 改0031","frameY":-813,"x":1787},{"frameWidth":800,"y":1354,"frameHeight":1080,"width":202,"frameX":-68,"height":68,"name":"节奏大师结束 改0005","frameY":-119,"x":1787},{"frameWidth":800,"y":1348,"frameHeight":1080,"width":431,"frameX":-286,"height":144,"name":"节奏大师结束 改0020","frameY":-760,"x":1354},{"frameWidth":800,"y":1852,"frameHeight":1080,"width":416,"frameX":-271,"height":140,"name":"节奏大师结束 改0019","frameY":-717,"x":1489},{"frameWidth":800,"y":1891,"frameHeight":1080,"width":400,"frameX":-257,"height":135,"name":"节奏大师结束 改0018","frameY":-674,"x":1030},{"frameWidth":800,"y":1098,"frameHeight":1080,"width":263,"frameX":-126,"height":88,"name":"节奏大师结束 改0009","frameY":-290,"x":1710}],"height":2048,"name":"jiezou4","imagePath":"jiezou4_tex.png"}