{"width":2048,"SubTexture":[{"frameWidth":500,"y":1083,"frameHeight":1080,"width":500,"frameX":0,"height":417,"name":"节奏大师结束 改0034","frameY":-663,"x":1},{"frameWidth":500,"y":1083,"frameHeight":1080,"width":500,"frameX":0,"height":383,"name":"节奏大师结束 改0035","frameY":-697,"x":503},{"frameWidth":500,"y":1468,"frameHeight":1080,"width":378,"frameX":-68,"height":342,"name":"节奏大师结束 改0031","frameY":-738,"x":961},{"frameWidth":500,"y":266,"frameHeight":1080,"width":376,"frameX":-97,"height":131,"name":"节奏大师结束 改0022","frameY":-648,"x":1626},{"frameWidth":500,"y":962,"frameHeight":1080,"width":262,"frameX":-214,"height":91,"name":"节奏大师结束 改0012","frameY":-315,"x":1721},{"frameWidth":500,"y":1356,"frameHeight":1080,"width":171,"frameX":-307,"height":60,"name":"节奏大师结束 改0004","frameY":-48,"x":1188},{"frameWidth":500,"y":1,"frameHeight":1080,"width":285,"frameX":-190,"height":99,"name":"节奏大师结束 改0014","frameY":-382,"x":1417},{"frameWidth":500,"y":1468,"frameHeight":1080,"width":456,"frameX":-29,"height":381,"name":"节奏大师结束 改0032","frameY":-699,"x":503},{"frameWidth":500,"y":524,"frameHeight":1080,"width":342,"frameX":-132,"height":119,"name":"节奏大师结束 改0019","frameY":-548,"x":1229},{"frameWidth":500,"y":641,"frameHeight":1080,"width":319,"frameX":-155,"height":111,"name":"节奏大师结束 改0017","frameY":-482,"x":1721},{"width":500,"y":1,"height":1080,"name":"节奏大师结束 改0038","x":503},{"frameWidth":500,"y":1214,"frameHeight":1080,"width":205,"frameX":-272,"height":71,"name":"节奏大师结束 改0007","frameY":-149,"x":1831},{"frameWidth":500,"y":1,"frameHeight":1080,"width":410,"frameX":-62,"height":143,"name":"节奏大师结束 改0025","frameY":-748,"x":1005},{"frameWidth":500,"y":424,"frameHeight":1080,"width":159,"frameX":-319,"height":56,"name":"节奏大师结束 改0003","frameY":-15,"x":1229},{"frameWidth":500,"y":1,"frameHeight":1080,"width":326,"frameX":-86,"height":263,"name":"节奏大师结束 改0029","frameY":-794,"x":1721},{"frameWidth":500,"y":524,"frameHeight":1080,"width":331,"frameX":-143,"height":115,"name":"节奏大师结束 改0018","frameY":-515,"x":1573},{"frameWidth":500,"y":146,"frameHeight":1080,"width":399,"frameX":-73,"height":139,"name":"节奏大师结束 改0024","frameY":-715,"x":1005},{"frameWidth":500,"y":399,"frameHeight":1080,"width":296,"frameX":-179,"height":103,"name":"节奏大师结束 改0015","frameY":-415,"x":1750},{"frameWidth":500,"y":1920,"frameHeight":1080,"width":365,"frameX":-108,"height":127,"name":"节奏大师结束 改0021","frameY":-615,"x":1},{"frameWidth":500,"y":1356,"frameHeight":1080,"width":181,"frameX":-296,"height":63,"name":"节奏大师结束 改0005","frameY":-82,"x":1005},{"width":500,"y":1,"height":1080,"name":"节奏大师结束 改0001","x":1},{"frameWidth":500,"y":1055,"frameHeight":1080,"width":227,"frameX":-249,"height":80,"name":"节奏大师结束 改0009","frameY":-215,"x":1721},{"frameWidth":500,"y":864,"frameHeight":1080,"width":273,"frameX":-202,"height":96,"name":"节奏大师结束 改0013","frameY":-348,"x":1721},{"frameWidth":500,"y":146,"frameHeight":1080,"width":218,"frameX":-130,"height":242,"name":"节奏大师结束 改0036","frameY":-815,"x":1406},{"frameWidth":500,"y":1468,"frameHeight":1080,"width":378,"frameX":-68,"height":342,"name":"节奏大师结束 改0030","frameY":-738,"x":1341},{"frameWidth":500,"y":1287,"frameHeight":1080,"width":193,"frameX":-284,"height":67,"name":"节奏大师结束 改0006","frameY":-115,"x":1831},{"frameWidth":500,"y":1502,"frameHeight":1080,"width":500,"frameX":0,"height":416,"name":"节奏大师结束 改0033","frameY":-664,"x":1},{"frameWidth":500,"y":1812,"frameHeight":1080,"width":422,"frameX":-50,"height":146,"name":"节奏大师结束 改0026","frameY":-782,"x":1407},{"frameWidth":500,"y":1960,"frameHeight":1080,"width":239,"frameX":-237,"height":83,"name":"节奏大师结束 改0010","frameY":-249,"x":1660},{"frameWidth":500,"y":482,"frameHeight":1080,"width":147,"frameX":-331,"height":33,"name":"节奏大师结束 改0002","frameY":0,"x":1229},{"frameWidth":500,"y":287,"frameHeight":1080,"width":388,"frameX":-85,"height":135,"name":"节奏大师结束 改0023","frameY":-682,"x":1005},{"frameWidth":500,"y":754,"frameHeight":1080,"width":308,"frameX":-167,"height":108,"name":"节奏大师结束 改0016","frameY":-448,"x":1721},{"frameWidth":500,"y":1137,"frameHeight":1080,"width":216,"frameX":-261,"height":75,"name":"节奏大师结束 改0008","frameY":-182,"x":1831},{"frameWidth":500,"y":424,"frameHeight":1080,"width":222,"frameX":-127,"height":196,"name":"节奏大师结束 改0037","frameY":-816,"x":1005},{"frameWidth":500,"y":1960,"frameHeight":1080,"width":251,"frameX":-225,"height":87,"name":"节奏大师结束 改0011","frameY":-282,"x":1407},{"frameWidth":500,"y":1851,"frameHeight":1080,"width":434,"frameX":-38,"height":151,"name":"节奏大师结束 改0027","frameY":-815,"x":503},{"frameWidth":500,"y":1812,"frameHeight":1080,"width":444,"frameX":-27,"height":211,"name":"节奏大师结束 改0028","frameY":-822,"x":961},{"frameWidth":500,"y":399,"frameHeight":1080,"width":353,"frameX":-120,"height":123,"name":"节奏大师结束 改0020","frameY":-582,"x":1395}],"height":2048,"name":"jiezou2","imagePath":"jiezou2_tex.png"}