{"width":2048,"SubTexture":[{"frameWidth":800,"y":266,"frameHeight":1080,"width":418,"frameX":-111,"height":140,"name":"节奏大师结束 改0020","frameY":-726,"x":803},{"frameWidth":800,"y":270,"frameHeight":1080,"width":345,"frameX":-254,"height":116,"name":"节奏大师结束 改0015","frameY":-521,"x":1223},{"frameWidth":800,"y":837,"frameHeight":1080,"width":214,"frameX":-511,"height":72,"name":"节奏大师结束 改0006","frameY":-153,"x":1747},{"frameWidth":800,"y":368,"frameHeight":1080,"width":222,"frameX":-134,"height":196,"name":"节奏大师结束 改0032","frameY":-816,"x":1747},{"frameWidth":800,"y":758,"frameHeight":1080,"width":228,"frameX":-483,"height":77,"name":"节奏大师结束 改0007","frameY":-194,"x":1747},{"frameWidth":800,"y":388,"frameHeight":1080,"width":331,"frameX":-282,"height":111,"name":"节奏大师结束 改0014","frameY":-480,"x":1223},{"frameWidth":800,"y":245,"frameHeight":1080,"width":360,"frameX":-225,"height":121,"name":"节奏大师结束 改0016","frameY":-562,"x":1614},{"width":800,"y":1,"height":1080,"name":"节奏大师结束 改0001","x":1},{"frameWidth":800,"y":1,"frameHeight":1080,"width":170,"frameX":-597,"height":58,"name":"节奏大师结束 改0003","frameY":-30,"x":1565},{"frameWidth":800,"y":911,"frameHeight":1080,"width":200,"frameX":-540,"height":67,"name":"节奏大师结束 改0005","frameY":-112,"x":803},{"frameWidth":800,"y":1468,"frameHeight":1080,"width":456,"frameX":-36,"height":381,"name":"节奏大师结束 改0027","frameY":-699,"x":529},{"frameWidth":800,"y":980,"frameHeight":1080,"width":185,"frameX":-569,"height":62,"name":"节奏大师结束 改0004","frameY":-71,"x":803},{"frameWidth":800,"y":1959,"frameHeight":1080,"width":243,"frameX":-454,"height":82,"name":"节奏大师结束 改0008","frameY":-235,"x":1710},{"frameWidth":800,"y":566,"frameHeight":1080,"width":287,"frameX":-368,"height":96,"name":"节奏大师结束 改0011","frameY":-358,"x":1747},{"frameWidth":800,"y":1,"frameHeight":1080,"width":404,"frameX":-139,"height":135,"name":"节奏大师结束 改0019","frameY":-685,"x":1159},{"frameWidth":800,"y":1502,"frameHeight":1080,"width":526,"frameX":0,"height":416,"name":"节奏大师结束 改0028","frameY":-664,"x":1},{"frameWidth":800,"y":1920,"frameHeight":1080,"width":374,"frameX":-197,"height":125,"name":"节奏大师结束 改0017","frameY":-603,"x":1},{"frameWidth":800,"y":1812,"frameHeight":1080,"width":432,"frameX":-83,"height":145,"name":"节奏大师结束 改0021","frameY":-766,"x":1451},{"frameWidth":800,"y":1812,"frameHeight":1080,"width":462,"frameX":-25,"height":211,"name":"节奏大师结束 改0023","frameY":-822,"x":987},{"frameWidth":800,"y":1,"frameHeight":1080,"width":354,"frameX":-79,"height":263,"name":"节奏大师结束 改0024","frameY":-794,"x":803},{"frameWidth":800,"y":61,"frameHeight":1080,"width":156,"frameX":-626,"height":42,"name":"节奏大师结束 改0002","frameY":0,"x":1565},{"frameWidth":800,"y":1083,"frameHeight":1080,"width":526,"frameX":0,"height":417,"name":"节奏大师结束 改0029","frameY":-663,"x":1},{"frameWidth":800,"y":1468,"frameHeight":1080,"width":378,"frameX":-75,"height":342,"name":"节奏大师结束 改0025","frameY":-738,"x":987},{"frameWidth":800,"y":1,"frameHeight":1080,"width":218,"frameX":-137,"height":242,"name":"节奏大师结束 改0031","frameY":-815,"x":1747},{"frameWidth":800,"y":138,"frameHeight":1080,"width":389,"frameX":-168,"height":130,"name":"节奏大师结束 改0018","frameY":-644,"x":1223},{"frameWidth":800,"y":408,"frameHeight":1080,"width":316,"frameX":-311,"height":106,"name":"节奏大师结束 改0013","frameY":-439,"x":803},{"frameWidth":800,"y":1468,"frameHeight":1080,"width":378,"frameX":-75,"height":342,"name":"节奏大师结束 改0026","frameY":-738,"x":1367},{"frameWidth":800,"y":516,"frameHeight":1080,"width":301,"frameX":-340,"height":102,"name":"节奏大师结束 改0012","frameY":-398,"x":803},{"frameWidth":800,"y":1959,"frameHeight":1080,"width":257,"frameX":-426,"height":86,"name":"节奏大师结束 改0009","frameY":-276,"x":1451},{"frameWidth":800,"y":664,"frameHeight":1080,"width":272,"frameX":-397,"height":92,"name":"节奏大师结束 改0010","frameY":-316,"x":1747},{"frameWidth":800,"y":1083,"frameHeight":1080,"width":521,"frameX":-2,"height":383,"name":"节奏大师结束 改0030","frameY":-697,"x":529},{"frameWidth":800,"y":1851,"frameHeight":1080,"width":447,"frameX":-54,"height":150,"name":"节奏大师结束 改0022","frameY":-808,"x":529}],"height":2048,"name":"jiezou1","imagePath":"jiezou1_tex.png"}