{"width":2048,"SubTexture":[{"frameWidth":500,"y":1927,"frameHeight":1080,"width":149,"frameX":-22,"height":38,"name":"节奏大师结束 改0002","frameY":0,"x":344},{"frameWidth":500,"y":1,"frameHeight":1080,"width":222,"frameX":-131,"height":196,"name":"节奏大师结束 改0034","frameY":-813,"x":1413},{"frameWidth":500,"y":1,"frameHeight":1080,"width":406,"frameX":-29,"height":141,"name":"节奏大师结束 改0022","frameY":-733,"x":1005},{"frameWidth":500,"y":266,"frameHeight":1080,"width":380,"frameX":-29,"height":133,"name":"节奏大师结束 改0020","frameY":-658,"x":1400},{"frameWidth":500,"y":1083,"frameHeight":1080,"width":500,"frameX":0,"height":386,"name":"节奏大师结束 改0032","frameY":-694,"x":503},{"frameWidth":500,"y":526,"frameHeight":1080,"width":303,"frameX":-27,"height":106,"name":"节奏大师结束 改0014","frameY":-434,"x":1336},{"frameWidth":500,"y":1,"frameHeight":1080,"width":326,"frameX":-90,"height":263,"name":"节奏大师结束 改0026","frameY":-791,"x":1721},{"frameWidth":500,"y":1083,"frameHeight":1080,"width":500,"frameX":0,"height":420,"name":"节奏大师结束 改0031","frameY":-660,"x":1},{"frameWidth":500,"y":724,"frameHeight":1080,"width":239,"frameX":-25,"height":84,"name":"节奏大师结束 改0009","frameY":-247,"x":1284},{"frameWidth":500,"y":1818,"frameHeight":1080,"width":419,"frameX":-30,"height":146,"name":"节奏大师结束 改0023","frameY":-770,"x":1407},{"frameWidth":500,"y":1927,"frameHeight":1080,"width":341,"frameX":-28,"height":119,"name":"节奏大师结束 改0017","frameY":-546,"x":1},{"frameWidth":500,"y":1966,"frameHeight":1080,"width":225,"frameX":-25,"height":79,"name":"节奏大师结束 改0008","frameY":-210,"x":1407},{"frameWidth":500,"y":1471,"frameHeight":1080,"width":378,"frameX":-72,"height":345,"name":"节奏大师结束 改0028","frameY":-735,"x":1341},{"frameWidth":500,"y":623,"frameHeight":1080,"width":264,"frameX":-26,"height":92,"name":"节奏大师结束 改0011","frameY":-322,"x":1641},{"frameWidth":500,"y":283,"frameHeight":1080,"width":367,"frameX":-29,"height":128,"name":"节奏大师结束 改0019","frameY":-621,"x":1005},{"frameWidth":500,"y":144,"frameHeight":1080,"width":393,"frameX":-29,"height":137,"name":"节奏大师结束 改0021","frameY":-696,"x":1005},{"frameWidth":500,"y":1818,"frameHeight":1080,"width":444,"frameX":-31,"height":210,"name":"节奏大师结束 改0025","frameY":-819,"x":961},{"frameWidth":500,"y":633,"frameHeight":1080,"width":277,"frameX":-26,"height":97,"name":"节奏大师结束 改0012","frameY":-359,"x":1005},{"frameWidth":500,"y":266,"frameHeight":1080,"width":218,"frameX":-134,"height":243,"name":"节奏大师结束 改0033","frameY":-811,"x":1828},{"frameWidth":500,"y":511,"frameHeight":1080,"width":316,"frameX":-27,"height":110,"name":"节奏大师结束 改0015","frameY":-471,"x":1731},{"frameWidth":500,"y":1857,"frameHeight":1080,"width":432,"frameX":-30,"height":150,"name":"节奏大师结束 改0024","frameY":-808,"x":503},{"frameWidth":500,"y":413,"frameHeight":1080,"width":329,"frameX":-27,"height":115,"name":"节奏大师结束 改0016","frameY":-509,"x":1005},{"width":500,"y":1,"height":1080,"name":"节奏大师结束 改0001","x":503},{"frameWidth":500,"y":732,"frameHeight":1080,"width":200,"frameX":-24,"height":70,"name":"节奏大师结束 改0006","frameY":-135,"x":1005},{"frameWidth":500,"y":199,"frameHeight":1080,"width":186,"frameX":-24,"height":65,"name":"节奏大师结束 改0005","frameY":-98,"x":1400},{"frameWidth":500,"y":1505,"frameHeight":1080,"width":500,"frameX":0,"height":420,"name":"节奏大师结束 改0030","frameY":-660,"x":1},{"frameWidth":500,"y":1471,"frameHeight":1080,"width":456,"frameX":-33,"height":384,"name":"节奏大师结束 改0029","frameY":-696,"x":503},{"frameWidth":500,"y":804,"frameHeight":1080,"width":174,"frameX":-23,"height":60,"name":"节奏大师结束 改0004","frameY":-61,"x":1005},{"frameWidth":500,"y":634,"frameHeight":1080,"width":252,"frameX":-25,"height":88,"name":"节奏大师结束 改0010","frameY":-285,"x":1284},{"frameWidth":500,"y":401,"frameHeight":1080,"width":355,"frameX":-28,"height":123,"name":"节奏大师结束 改0018","frameY":-584,"x":1374},{"width":500,"y":1,"height":1080,"name":"节奏大师结束 改0035","x":1},{"frameWidth":500,"y":1471,"frameHeight":1080,"width":378,"frameX":-72,"height":345,"name":"节奏大师结束 改0027","frameY":-735,"x":961},{"frameWidth":500,"y":1966,"frameHeight":1080,"width":213,"frameX":-24,"height":74,"name":"节奏大师结束 改0007","frameY":-173,"x":1634},{"frameWidth":500,"y":530,"frameHeight":1080,"width":290,"frameX":-26,"height":101,"name":"节奏大师结束 改0013","frameY":-397,"x":1005},{"frameWidth":500,"y":717,"frameHeight":1080,"width":161,"frameX":-23,"height":57,"name":"节奏大师结束 改0003","frameY":-23,"x":1849}],"height":2048,"name":"jiezou3","imagePath":"jiezou3_tex.png"}