{
    "frameRate": 24,
    "name": "spot",
    "version": "5.5",
    "compatibleVersion": "5.5",
    "armature": [
        {
            "type": "Sheet",
            "frameRate": 24,
            "name": "Sprite",
            "aabb": {
                "x": -25,
                "y": -25,
                "width": 50,
                "height": 50
            },
            "bone": [
                {
                    "name": "root"
                }
            ],
            "slot": [
                {
                    "displayIndex": 1,
                    "name": "sheetSlot",
                    "parent": "root"
                }
            ],
            "skin": [
                {
                    "slot": [
                        {
                            "name": "sheetSlot",
                            "display": [
                                {
                                    "name": "dian0012"
                                },
                                {
                                    "name": "dian0011"
                                },
                                {
                                    "name": "dian0010"
                                },
                                {
                                    "name": "dian0009"
                                },
                                {
                                    "name": "dian0008"
                                },
                                {
                                    "name": "dian0007"
                                },
                                {
                                    "name": "dian0006"
                                },
                                {
                                    "name": "dian0005"
                                },
                                {
                                    "name": "dian0004"
                                },
                                {
                                    "name": "dian0003"
                                },
                                {
                                    "name": "dian0002"
                                },
                                {
                                    "name": "dian0001"
                                }
                            ]
                        }
                    ]
                }
            ],
            "animation": [
                {
                    "duration": 12,
                    "playTimes": 0,
                    "name": "Sprite",
                    "slot": [
                        {
                            "name": "sheetSlot",
                            "displayFrame": [
                                {},
                                {
                                    "value": 1
                                },
                                {
                                    "value": 2
                                },
                                {
                                    "value": 3
                                },
                                {
                                    "value": 4
                                },
                                {
                                    "value": 5
                                },
                                {
                                    "value": 6
                                },
                                {
                                    "value": 7
                                },
                                {
                                    "value": 8
                                },
                                {
                                    "value": 9
                                },
                                {
                                    "value": 10
                                },
                                {
                                    "value": 11
                                }
                            ]
                        }
                    ]
                }
            ],
            "defaultActions": [
                {
                    "gotoAndPlay": "Sprite"
                }
            ],
            "canvas": {
                "width": 40,
                "height": 40
            }
        }
    ]
}