{"width":256,"SubTexture":[{"frameY":-7,"y":45,"frameWidth":50,"frameX":-8,"frameHeight":50,"width":36,"height":37,"name":"dian0007","x":146},{"frameY":-7,"y":84,"frameWidth":50,"frameX":-8,"frameHeight":50,"width":37,"height":37,"name":"dian0005","x":189},{"frameY":0,"y":1,"frameWidth":50,"frameX":-1,"frameHeight":50,"width":49,"height":49,"name":"dian0012","x":1},{"frameY":-5,"y":1,"frameWidth":50,"frameX":-6,"frameHeight":50,"width":40,"height":40,"name":"dian0004","x":189},{"frameY":0,"y":52,"frameWidth":50,"frameX":-1,"frameHeight":50,"width":49,"height":49,"name":"dian0001","x":1},{"frameY":-2,"y":50,"frameWidth":50,"frameX":-3,"frameHeight":50,"width":46,"height":46,"name":"dian0002","x":52},{"frameY":-1,"y":1,"frameWidth":50,"frameX":-2,"frameHeight":50,"width":47,"height":47,"name":"dian0011","x":52},{"frameY":-6,"y":43,"frameWidth":50,"frameX":-7,"frameHeight":50,"width":38,"height":39,"name":"dian0008","x":189},{"frameY":-3,"y":1,"frameWidth":50,"frameX":-4,"frameHeight":50,"width":43,"height":43,"name":"dian0003","x":101},{"frameY":-3,"y":50,"frameWidth":50,"frameX":-4,"frameHeight":50,"width":44,"height":44,"name":"dian0010","x":100},{"frameY":-4,"y":1,"frameWidth":50,"frameX":-5,"frameHeight":50,"width":41,"height":42,"name":"dian0009","x":146},{"frameY":-8,"y":84,"frameWidth":50,"frameX":-9,"frameHeight":50,"width":34,"height":34,"name":"dian0006","x":146}],"imagePath":"spot_tex.png","height":128,"name":"spot"}